user_trip_id,start_time,end_time,start_longitude,start_latitude,end_longitude,end_latitude,distance,progression,users_helped,service_name,route_short_name,mode,start_stop_name,end_stop_name
64f45fe8-aa7b-4864-b477-75669a3480b2,2025-01-19 18:05:43 UTC,2025-01-19 18:12:13 UTC,-79.6412416174818,44.354334762644235,-79.6418,44.354604,0,1,,Walk,,Walk,,
64f45fe8-aa7b-4864-b477-75669a3480b2,2025-01-19 19:10:00 UTC,2025-01-19 19:45:00 UTC,-79.641767,44.35465,-79.717238,44.324656999999995,12004.1265345524,0,0,Barrie Transit,8A,Transit,Madelaine Drive,Dyer Boulevard
64f45fe8-aa7b-4864-b477-75669a3480b2,2025-01-19 19:45:00 UTC,2025-01-19 19:50:29 UTC,-79.717269,44.324597,-79.718990013705778,44.3264914134735,360.362113680911,0,,Walk,,Walk,,
edca3d64-f0d1-448c-a325-b650f36e4685,2025-01-19 15:08:13 UTC,2025-01-19 15:19:00 UTC,-79.6225657373105,44.351642236909939,-79.6283,44.349352,756.01868015320929,0,,Walk,,Walk,,
edca3d64-f0d1-448c-a325-b650f36e4685,2025-01-19 15:19:00 UTC,2025-01-19 15:48:00 UTC,-79.628224,44.349407,-79.691023,44.387709,8557.7853273202163,0,0,Barrie Transit,8B,Transit,Yonge / Mapleview,Downtown Barrie Terminal
edca3d64-f0d1-448c-a325-b650f36e4685,2025-01-19 15:48:00 UTC,2025-01-19 15:48:00 UTC,-79.691023,44.387709,-79.691608643150886,44.387574901746113,0,0,,Walk,,Walk,,
8fffa7f3-3678-4378-9b28-dcfe1f478eae,2025-01-19 17:20:31 UTC,2025-01-19 17:13:03 UTC,-79.679474874415433,44.410034151271226,-79.679109,44.40944300000001,0,1,,Walk,,Walk,,
8fffa7f3-3678-4378-9b28-dcfe1f478eae,2025-01-19 17:20:59 UTC,2025-01-19 17:31:31 UTC,-79.679062,44.409463000000009,-79.706492,44.410659,3399.8075239706,0.39951161484665049,16,Barrie Transit,8A,Transit,Alliance Boulevard,Georgian Mall
8fffa7f3-3678-4378-9b28-dcfe1f478eae,2025-01-19 17:31:32 UTC,2025-01-19 17:31:32 UTC,-79.706492,44.410659,-79.706993773652712,44.410926380360124,0,0,,Walk,,Walk,,
906b679b-1fe0-4e2b-9117-610b50a9ffdb,2025-01-19 22:41:54 UTC,2025-01-19 22:41:29 UTC,-79.703391655287163,44.404639294308545,-79.70329,44.404661,0,1,,Walk,,Walk,,
906b679b-1fe0-4e2b-9117-610b50a9ffdb,2025-01-19 22:42:00 UTC,2025-01-19 23:16:00 UTC,-79.70329,44.404661,-79.691023,44.387709,13038.64886274018,0,0,Barrie Transit,100,Transit,Bayfield / Cundles,Downtown Barrie Terminal
c089cd27-ef17-4d27-a733-470dbed5cf94,2025-01-19 22:41:54 UTC,2025-01-19 22:41:25 UTC,-79.703391655287163,44.404639294308545,-79.70329,44.404661,0,1,,Walk,,Walk,,
c089cd27-ef17-4d27-a733-470dbed5cf94,2025-01-19 22:42:00 UTC,2025-01-19 23:16:00 UTC,-79.70329,44.404661,-79.691023,44.387709,13038.64886274018,0,0,Barrie Transit,100,Transit,Bayfield / Cundles,Downtown Barrie Terminal
1a96fd42-f316-410d-bc13-5f2650bcd059,2025-01-19 17:12:18 UTC,2025-01-19 17:02:14 UTC,-79.612182398402268,44.358827802543388,-79.612854,44.359838,0,1,,Walk,,Walk,,
1a96fd42-f316-410d-bc13-5f2650bcd059,2025-01-19 17:15:00 UTC,2025-01-19 17:23:42 UTC,-79.61289,44.35983,-79.648989,44.356907,3321.5819298387391,1,11,Barrie Transit,12,Transit,Prince William Way / Empire,Yonge and Big Bay Point
1a96fd42-f316-410d-bc13-5f2650bcd059,2025-01-19 17:29:49 UTC,2025-01-19 17:25:33 UTC,-79.648993,44.356917,-79.64666800000002,44.356673,0,1,,Walk,,Walk,,
1a96fd42-f316-410d-bc13-5f2650bcd059,2025-01-19 17:32:00 UTC,2025-01-19 17:37:00 UTC,-79.646705,44.356618999999995,-79.6697,44.370307,2403.5707665870141,0,0,Barrie Transit,8B,Transit,Yonge / Big Bay Point,Yonge / Huronia
1a96fd42-f316-410d-bc13-5f2650bcd059,2025-01-19 17:37:00 UTC,2025-01-19 17:42:34 UTC,-79.669685,44.370346999999995,-79.673393439064213,44.371405379853108,382.22346223033338,0,,Walk,,Walk,,
2bd0dbd7-b356-4099-8b80-9a0e4fe42751,2025-01-19 20:11:15 UTC,2025-01-19 20:37:19 UTC,-79.636524,44.35279700000001,-79.680582,44.336528999999992,8183.3537625487479,1,5,Barrie Transit,8A,Transit,Esther Drive,Mapleview / Park Place
2bd0dbd7-b356-4099-8b80-9a0e4fe42751,2025-01-19 21:09:19 UTC,2025-01-19 20:11:15 UTC,-79.637624,44.353437,-79.636521727507812,44.352795080703743,0,1,,Walk,,Walk,,
05404972-adad-4719-b5ca-81029e7de458,2025-01-18 19:57:56 UTC,2025-01-18 19:56:52 UTC,-79.669626324287776,44.3714037249891,-79.669359,44.370046,0,1,,Walk,,Walk,,
05404972-adad-4719-b5ca-81029e7de458,2025-01-18 19:58:10 UTC,2025-01-18 20:56:55 UTC,-79.669359,44.370046,-79.70433300000002,44.346565,20323.848791789351,1,0,Barrie Transit,8A,Transit,Yonge / Huronia,Essa / Veteran's
b3a0592c-bdea-43b5-866d-42a58e9df8da,2025-01-20 02:51:49 UTC,2025-01-20 02:56:00 UTC,-79.709664558757936,44.406441074080995,-79.712427,44.408356999999995,265.15178041552781,0,,Walk,,Walk,,
b3a0592c-bdea-43b5-866d-42a58e9df8da,2025-01-20 02:56:00 UTC,2025-01-20 04:20:00 UTC,-79.712427,44.408356999999995,-79.691023,44.387709,27803.12064413635,0,0,Barrie Transit,11,Transit,Kozlov Street,Downtown Barrie Terminal
c177af46-42ca-4be1-8f4d-0d0358bedba1,2025-01-19 19:07:41 UTC,2025-01-19 19:19:18 UTC,-79.72366,44.396082,-79.705997,44.384741,3170.9962335412579,1,11,Barrie Transit,11,Transit,Leacock Drive,Anne Street
c177af46-42ca-4be1-8f4d-0d0358bedba1,2025-01-19 19:07:51 UTC,2025-01-19 19:07:28 UTC,-79.723966,44.396556000000004,-79.723567,44.396122000000005,0,1,,Walk,,Walk,,
c177af46-42ca-4be1-8f4d-0d0358bedba1,2025-01-19 19:20:03 UTC,2025-01-19 19:28:35 UTC,-79.706086,44.384784999999994,-79.702919236538833,44.387568791334743,612.99020104188753,0,,Walk,,Walk,,
73380ccb-870f-4f4c-91fc-5ff74ecf0ff4,2025-01-18 13:08:19 UTC,2025-01-18 13:16:00 UTC,-79.66533943452697,44.413619686042075,-79.669134,44.412091,569.45740866947642,0.091640927598014385,,Walk,,Walk,,
73380ccb-870f-4f4c-91fc-5ff74ecf0ff4,2025-01-18 13:16:00 UTC,2025-01-18 14:02:00 UTC,-79.669134,44.412089000000009,-79.662713,44.366413,16368.5353329581,0,0,Barrie Transit,8A,Transit,Georgian College,Yonge / Little
73380ccb-870f-4f4c-91fc-5ff74ecf0ff4,2025-01-18 14:02:00 UTC,2025-01-18 14:04:48 UTC,-79.662766,44.366378,-79.663367201171212,44.367813762973164,186.76966976052651,0,,Walk,,Walk,,
c70ec139-c291-4e7c-b043-07d2bab280cd,2025-01-19 12:23:49 UTC,2025-01-19 12:30:00 UTC,-79.654651216177712,44.401052518897913,-79.655302,44.403798,420.97879606590118,0.002780288757243691,,Walk,,Walk,,
c70ec139-c291-4e7c-b043-07d2bab280cd,2025-01-19 12:30:00 UTC,2025-01-19 12:55:00 UTC,-79.655302,44.403798,-79.70052,44.401136,9222.1200665763026,0,0,Barrie Transit,101,Transit,Johnson / Hickling Trail,Bayfield Mall
f8212ccf-b391-468e-a481-ca11b38c149f,2025-01-19 20:04:17 UTC,2025-01-19 20:08:06 UTC,-79.697102351935115,44.404641331936958,-79.70177,44.402920000000009,0,1,,Walk,,Walk,,
f8212ccf-b391-468e-a481-ca11b38c149f,2025-01-19 20:11:00 UTC,2025-01-19 20:36:00 UTC,-79.701779,44.402916,-79.655131,44.405416,8904.8127471561056,0,0,Barrie Transit,100,Transit,Ferris Lane,Johnson / Grove
f8212ccf-b391-468e-a481-ca11b38c149f,2025-01-19 20:36:00 UTC,2025-01-19 20:44:39 UTC,-79.655173,44.40542,-79.654651216177712,44.401052518897913,618.069811469014,0,,Walk,,Walk,,
696f4cd9-46c1-4612-991c-e3cf53124576,2025-01-19 21:49:52 UTC,2025-01-19 21:52:00 UTC,-79.690333578424756,44.3893677844937,-79.68935,44.388446,147.4300272676042,0,,Walk,,Walk,,
696f4cd9-46c1-4612-991c-e3cf53124576,2025-01-19 21:52:00 UTC,2025-01-19 22:04:00 UTC,-79.68935,44.388446,-79.654709,44.406945,4159.2279133073334,0,0,Barrie Transit,101,Transit,Bayfield / Chase McEachern,Johnson / Mayor
696f4cd9-46c1-4612-991c-e3cf53124576,2025-01-19 22:04:00 UTC,2025-01-19 22:13:17 UTC,-79.654671,44.406941999999994,-79.64930670168,44.408233075457765,642.8648153302596,0,,Walk,,Walk,,
6f7bee08-a2dc-4b7b-9524-c1ae42addcbf,2025-01-17 22:43:59 UTC,2025-01-17 22:41:19 UTC,-79.67037326266481,44.411829337551055,-79.668542,44.410445,0,1,,Walk,,Walk,,
6f7bee08-a2dc-4b7b-9524-c1ae42addcbf,2025-01-17 22:46:50 UTC,2025-01-17 22:57:43 UTC,-79.66854,44.410462,-79.706492,44.410659,4576.9705779853757,1,21,Barrie Transit,11,Transit,Georgian College,Georgian Mall
6f7bee08-a2dc-4b7b-9524-c1ae42addcbf,2025-01-17 23:20:05 UTC,2025-01-17 23:20:10 UTC,-79.706487,44.410655,-79.7080988705769,44.413624951655216,0,1,,Walk,,Walk,,
3ace8349-ff05-4126-8632-4194cb25a20a,2025-01-19 21:25:47 UTC,2025-01-19 21:30:00 UTC,-79.702292989020023,44.40015380420742,-79.70052,44.401136,289.2731296629612,0,,Walk,,Walk,,
3ace8349-ff05-4126-8632-4194cb25a20a,2025-01-19 21:30:00 UTC,2025-01-19 21:44:00 UTC,-79.70052,44.401136,-79.693784,44.381459,2921.1447404991468,0,0,Barrie Transit,12,Transit,Bayfield Mall,Victoria Street
66cd6a6d-843a-4bb5-b0a9-b254954268a2,2025-01-18 21:36:47 UTC,2025-01-18 21:41:11 UTC,-79.696068,44.418043000000004,-79.675807,44.410776,2557.19385382973,1,1,Barrie Transit,100,Transit,Meyer Avenue,115 Bell Farm
66cd6a6d-843a-4bb5-b0a9-b254954268a2,2025-01-18 21:58:29 UTC,2025-01-18 21:36:42 UTC,-79.695357,44.418116,-79.696073974260159,44.418042767404422,0,1,,Walk,,Walk,,
da8b89e1-0d2f-4fa3-83cd-7cb8a67e644e,2025-01-19 18:50:51 UTC,2025-01-19 18:45:32 UTC,-79.675556141890979,44.410933158657294,-79.675258,44.41101900000001,0,1,,Walk,,Walk,,
da8b89e1-0d2f-4fa3-83cd-7cb8a67e644e,2025-01-19 18:53:00 UTC,2025-01-19 20:05:00 UTC,-79.675258,44.41101900000001,-79.691023,44.387709,22107.330769112981,0,0,Barrie Transit,101,Transit,130 Bell Farm,Downtown Barrie Terminal
aceb79f8-f499-4ef7-8220-c8cc03db11d8,2025-01-17 21:27:59 UTC,2025-01-17 21:40:53 UTC,-79.66854,44.410462,-79.691023,44.387709,4410.7207087183851,1,31,Barrie Transit,7,Transit,Georgian College,Downtown Barrie Terminal
aceb79f8-f499-4ef7-8220-c8cc03db11d8,2025-01-17 21:28:47 UTC,2025-01-17 21:24:09 UTC,-79.668008,44.41093,-79.668883,44.410421,0,1,,Walk,,Walk,,
aceb79f8-f499-4ef7-8220-c8cc03db11d8,2025-01-17 21:40:49 UTC,2025-01-17 21:40:53 UTC,-79.691023,44.387709,-79.691023,44.387709,0,1,,Walk,,Walk,,
aceb79f8-f499-4ef7-8220-c8cc03db11d8,2025-01-17 21:57:14 UTC,2025-01-17 22:42:32 UTC,-79.691023,44.387709,-79.612629,44.35876,16744.649866148851,1,22,Barrie Transit,12,Transit,Downtown Barrie Terminal,Prince William Way / Sandringham
aceb79f8-f499-4ef7-8220-c8cc03db11d8,2025-01-17 22:42:54 UTC,2025-01-17 22:42:58 UTC,-79.612694,44.358745,-79.6135810124112,44.357932275400984,0,1,,Walk,,Walk,,
7f6b6808-d39e-42a6-8985-0093c8236cc7,2025-01-13 22:12:50 UTC,2025-01-13 22:15:00 UTC,-79.433552704249038,44.582505510305339,-79.433561000000012,44.581493,139.58741284380639,0,,Walk,,Walk,,
7f6b6808-d39e-42a6-8985-0093c8236cc7,2025-01-13 22:15:00 UTC,2025-01-13 22:53:00 UTC,-79.433602,44.581503,-79.669215,44.412053,36158.048229007167,0,0,Simcoe County LINX,3,Transit,"Orillia, Georgian College","Barrie, Georgian College"
7f6b6808-d39e-42a6-8985-0093c8236cc7,2025-01-13 22:53:00 UTC,2025-01-13 23:02:45 UTC,-79.669213,44.412061,-79.668542,44.410445,691.39596379365867,0,,Walk,,Walk,,
7f6b6808-d39e-42a6-8985-0093c8236cc7,2025-01-13 23:16:00 UTC,2025-01-13 23:30:00 UTC,-79.66854,44.410462,-79.727868,44.402889,6503.8041504617313,0,,Barrie Transit,11,Transit,Georgian College,Balliston Crescent
7f6b6808-d39e-42a6-8985-0093c8236cc7,2025-01-13 23:30:00 UTC,2025-01-13 23:36:04 UTC,-79.72781,44.402826,-79.727411219737888,44.40553782178867,404.00372599987111,0,,Walk,,Walk,,
31950fd8-b0bd-472d-aa14-37ef39fe783e,2025-01-19 23:48:19 UTC,2025-01-19 23:29:59 UTC,-79.721192453057569,44.333669708786843,-79.720844000000014,44.333473000000005,0,1,,Walk,,Walk,,
31950fd8-b0bd-472d-aa14-37ef39fe783e,2025-01-19 23:54:00 UTC,2025-01-20 00:18:41 UTC,-79.720863,44.333489,-79.691023,44.387709,9431.16558218292,0.1635466556322101,5,Barrie Transit,8A,Transit,Churchland Drive,Downtown Barrie Terminal
31950fd8-b0bd-472d-aa14-37ef39fe783e,2025-01-20 00:18:36 UTC,2025-01-20 00:23:04 UTC,-79.690638,44.387881,-79.688947400584013,44.3884691329999,280.74853631262948,0,,Walk,,Walk,,
f35c5aac-8182-4206-804a-6d28415f2575,2025-01-19 19:18:01 UTC,2025-01-19 19:15:19 UTC,-79.690345351410542,44.387572409546344,-79.691023,44.387709,0,1,,Walk,,Walk,,
f35c5aac-8182-4206-804a-6d28415f2575,2025-01-19 19:18:59 UTC,2025-01-19 19:32:46 UTC,-79.691023,44.387709,-79.654709,44.406945,4448.503956350517,0.058252615815238891,0,Barrie Transit,101,Transit,Downtown Barrie Terminal,Johnson / Mayor
7fe5e1e4-c827-4450-ac7f-3faf5afcd92b,2025-01-19 20:26:57 UTC,2025-01-19 21:10:57 UTC,-79.719172,44.387537999999992,-79.691023,44.387709,33885.2059040874,0.01917273917436883,12,Barrie Transit,10,Transit,Fox Run / Leacock Drive,Downtown Barrie Terminal
7fe5e1e4-c827-4450-ac7f-3faf5afcd92b,2025-01-19 21:25:10 UTC,2025-01-19 20:26:15 UTC,-79.717868,44.38667499999999,-79.719175567818112,44.387538032221833,0,1,,Walk,,Walk,,
527589c7-81dc-499d-8bf6-8bc3ca6d351c,2025-01-18 23:30:14 UTC,2025-01-18 23:28:14 UTC,-79.6150359362228,44.349841696122354,-79.61566,44.351071,0,1,,Walk,,Walk,,
527589c7-81dc-499d-8bf6-8bc3ca6d351c,2025-01-18 23:31:31 UTC,2025-01-18 23:52:15 UTC,-79.61566,44.351071,-79.708578,44.411874,21244.350933630009,1,2,Barrie Transit,12,Transit,Royal Jubilee Drive,Georgian Mall
6aa01075-22ca-4bf8-982f-c2885124a519,2025-01-19 19:20:05 UTC,2025-01-19 19:18:32 UTC,-79.613917715109324,44.348947024412027,-79.615687,44.351129000000007,0,1,,Walk,,Walk,,
6aa01075-22ca-4bf8-982f-c2885124a519,2025-01-19 19:22:00 UTC,2025-01-19 20:21:35 UTC,-79.61566,44.351071,-79.708578,44.411874,21242.019858160511,0.125796242864998,4,Barrie Transit,12,Transit,Royal Jubilee Drive,Georgian Mall
6aa01075-22ca-4bf8-982f-c2885124a519,2025-01-19 20:21:38 UTC,2025-01-19 20:21:38 UTC,-79.708578,44.411874,-79.706993773652712,44.410926380360124,0,0,,Walk,,Walk,,
fb975bbc-33fd-4f3e-9b97-7fbb65fddd9d,2025-01-18 19:41:11 UTC,2025-01-18 19:21:27 UTC,-79.699927021968364,44.399247695083325,-79.699799,44.400647,0,1,,Walk,,Walk,,
fb975bbc-33fd-4f3e-9b97-7fbb65fddd9d,2025-01-18 19:44:04 UTC,2025-01-18 20:05:06 UTC,-79.699792,44.40065,-79.658612,44.416415,7619.26370878987,0,0,Barrie Transit,100,Transit,Coulter Street,322 Georgian Drive
fb975bbc-33fd-4f3e-9b97-7fbb65fddd9d,2025-01-18 20:05:06 UTC,2025-01-18 20:06:41 UTC,-79.658612,44.416412,-79.660151078694724,44.416318792027681,85.143440151029125,0,,Walk,,Walk,,
ab4ad200-bec3-440f-8019-fdf4be27aecb,2025-01-17 17:25:51 UTC,2025-01-17 17:25:13 UTC,-79.391950806709715,43.730905606306727,-79.3973,43.727736,0,1,,Walk,,Walk,,
ab4ad200-bec3-440f-8019-fdf4be27aecb,2025-01-17 17:27:49 UTC,2025-01-17 17:31:46 UTC,-79.397395,43.727716,-79.391334,43.711258000000008,1979.45071652404,1,34,TTC,74,Transit,Mt Pleasant Rd / Wanless Ave,Mt Pleasant Rd / Broadway Ave
ab4ad200-bec3-440f-8019-fdf4be27aecb,2025-01-17 17:33:15 UTC,2025-01-17 17:33:16 UTC,-79.391356,43.711254000000004,-79.390641749004757,43.710240502755767,0,1,,Walk,,Walk,,
84a6d0b2-1d99-4205-8bfb-3be5a67a329f,2025-01-19 19:57:18 UTC,2025-01-19 20:09:00 UTC,-79.604607152421849,44.364221045453775,-79.614698,44.361961,838.32512121737579,0.0025246085302105649,,Walk,,Walk,,
84a6d0b2-1d99-4205-8bfb-3be5a67a329f,2025-01-19 20:09:00 UTC,2025-01-19 20:15:00 UTC,-79.614698,44.361961,-79.62838600000002,44.35186199999999,3142.0875487521821,0,0,Barrie Transit,12,Transit,Sovereign's Gate,Barrie South GO Station
bc7cdede-f466-46d3-bce4-1fc38381e3d7,2025-01-19 19:23:45 UTC,2025-01-19 19:14:35 UTC,-79.606981933204537,44.363317914412619,-79.614491,44.362015,0,1,,Walk,,Walk,,
bc7cdede-f466-46d3-bce4-1fc38381e3d7,2025-01-19 19:25:00 UTC,2025-01-19 19:32:00 UTC,-79.614491,44.362015,-79.648989,44.356907,3047.1603110222309,0,0,Barrie Transit,12,Transit,Sovereign's Gate,Yonge and Big Bay Point
f99acfcc-137e-4195-8d6c-0ec9907e0a38,2025-01-19 19:16:35 UTC,2025-01-19 19:25:00 UTC,-79.604607152421849,44.364221045453775,-79.614491,44.362015,779.45560847666115,0.22884112373359189,,Walk,,Walk,,
f99acfcc-137e-4195-8d6c-0ec9907e0a38,2025-01-19 19:25:00 UTC,2025-01-19 19:32:00 UTC,-79.614491,44.362015,-79.648989,44.356907,3047.1603110222309,0,0,Barrie Transit,12,Transit,Sovereign's Gate,Yonge and Big Bay Point
7938ec25-10f3-4fcf-b1bf-abab4cf518a1,2025-01-19 13:21:36 UTC,2025-01-19 13:30:00 UTC,-79.731523047038422,44.39296447502219,-79.7268,44.396287,570.53946394649347,0,,Walk,,Walk,,
7938ec25-10f3-4fcf-b1bf-abab4cf518a1,2025-01-19 13:30:00 UTC,2025-01-19 14:08:00 UTC,-79.726762,44.396350999999996,-79.691023,44.387709,13473.324748703861,0,0,Barrie Transit,10,Transit,Burns Circle,Downtown Barrie Terminal
7938ec25-10f3-4fcf-b1bf-abab4cf518a1,2025-01-19 14:08:00 UTC,2025-01-19 14:09:00 UTC,-79.691023,44.387709,-79.691023,44.387709,0,0,,Walk,,Walk,,
7938ec25-10f3-4fcf-b1bf-abab4cf518a1,2025-01-19 14:14:00 UTC,2025-01-19 14:39:00 UTC,-79.691023,44.387709,-79.680276,44.340279,10646.606698667691,0,,Barrie Transit,2,Transit,Downtown Barrie Terminal,Park Place
7938ec25-10f3-4fcf-b1bf-abab4cf518a1,2025-01-19 14:39:00 UTC,2025-01-19 14:45:26 UTC,-79.680282,44.34027900000001,-79.683357149705841,44.338169478899019,433.04742991588631,0,,Walk,,Walk,,
c657166c-27b6-4355-b91e-727799119f98,2025-01-19 16:08:44 UTC,2025-01-19 16:36:00 UTC,-79.648429845374608,44.366914545209447,-79.662461,44.366494,1961.350714083409,0,,Walk,,Walk,,
c657166c-27b6-4355-b91e-727799119f98,2025-01-19 16:36:00 UTC,2025-01-19 16:48:00 UTC,-79.662461,44.366494,-79.691023,44.387709,4630.5178703791944,0,0,Barrie Transit,8B,Transit,Yonge / Little,Downtown Barrie Terminal
65bdcdaa-b91a-4cf5-b451-5fea992ecab4,2025-01-19 21:51:13 UTC,2025-01-19 21:27:20 UTC,-79.691577311859078,44.419915493970031,-79.689767,44.4202,0,1,,Walk,,Walk,,
65bdcdaa-b91a-4cf5-b451-5fea992ecab4,2025-01-19 21:53:00 UTC,2025-01-19 22:09:00 UTC,-79.689782,44.420183000000009,-79.722841,44.393968,6124.965322148927,0,0,Barrie Transit,11,Transit,Marjoy Avenue,Browning Trail
65bdcdaa-b91a-4cf5-b451-5fea992ecab4,2025-01-19 22:09:00 UTC,2025-01-19 22:15:57 UTC,-79.722752,44.393971,-79.7201954766101,44.396555891806813,492.96694887055378,0,,Walk,,Walk,,
73bd337e-2788-417b-b900-3756fe77c46e,2025-01-19 16:50:23 UTC,2025-01-19 16:27:35 UTC,-79.691577311859078,44.419915493970031,-79.689767,44.4202,0,1,,Walk,,Walk,,
73bd337e-2788-417b-b900-3756fe77c46e,2025-01-19 16:55:38 UTC,2025-01-19 16:59:45 UTC,-79.689782,44.420183000000009,-79.706492,44.410659,1821.448896601685,1,7,Barrie Transit,11,Transit,Marjoy Avenue,Georgian Mall
73bd337e-2788-417b-b900-3756fe77c46e,2025-01-19 17:05:39 UTC,2025-01-19 17:00:49 UTC,-79.706487,44.410655,-79.70823,44.41006,0,1,,Walk,,Walk,,
73bd337e-2788-417b-b900-3756fe77c46e,2025-01-19 17:23:58 UTC,2025-01-19 18:09:00 UTC,-79.708299,44.41003,-79.616011,44.364075,19215.0608437616,1,16,Barrie Transit,12,Transit,Bayfield / Livingstone,Big Bay / Prince William Way
73bd337e-2788-417b-b900-3756fe77c46e,2025-01-19 18:08:58 UTC,2025-01-19 18:09:00 UTC,-79.616011,44.364075,-79.615917830849213,44.364215111683848,0,1,,Walk,,Walk,,
7eac4b81-6286-4e55-ae41-5d631a1ef0ce,2025-01-19 21:56:34 UTC,2025-01-19 22:12:52 UTC,-79.689782,44.420183000000009,-79.722841,44.393968,6125.3926765313154,0.092964842938827119,10,Barrie Transit,11,Transit,Marjoy Avenue,Browning Trail
7eac4b81-6286-4e55-ae41-5d631a1ef0ce,2025-01-19 22:51:17 UTC,2025-01-19 21:52:27 UTC,-79.690317,44.419913,-79.689781507143479,44.420187256571758,0,1,,Walk,,Walk,,
b54cfb87-ed17-4d7f-999d-9ba2b0cd3d25,2025-01-19 23:31:12 UTC,2025-01-19 23:50:18 UTC,-79.713992000000019,44.392853,-79.696068,44.418043000000004,4527.7811080568245,1,7,Barrie Transit,8B,Transit,Castle Drive,Meyer Avenue
b54cfb87-ed17-4d7f-999d-9ba2b0cd3d25,2025-01-19 23:33:00 UTC,2025-01-19 23:30:12 UTC,-79.713927,44.392962999999995,-79.713992000000019,44.392853,0,1,,Walk,,Walk,,
b54cfb87-ed17-4d7f-999d-9ba2b0cd3d25,2025-01-19 23:54:22 UTC,2025-01-19 23:54:24 UTC,-79.696132,44.418114999999993,-79.691577311859078,44.419915493970031,0,1,,Walk,,Walk,,
2297cd19-5626-4a1a-9d3a-2f958070cb16,2025-01-19 15:42:28 UTC,2025-01-19 15:40:58 UTC,-79.689447424245671,44.373203973635341,-79.691012,44.373378,0,1,,Walk,,Walk,,
2297cd19-5626-4a1a-9d3a-2f958070cb16,2025-01-19 15:44:00 UTC,2025-01-19 15:59:09 UTC,-79.69105,44.373391999999996,-79.70329,44.404661,4242.9721148308872,0.96596355768597941,0,Barrie Transit,12,Transit,Essa / Allandale GO Station,Bayfield / Cundles
2297cd19-5626-4a1a-9d3a-2f958070cb16,2025-01-19 15:59:08 UTC,2025-01-19 16:04:41 UTC,-79.703291,44.40466,-79.707309228115619,44.403739406027427,379.85043719692561,0,,Walk,,Walk,,
87b96c69-4f2c-4cc4-848d-7824c6189603,2025-01-19 15:38:20 UTC,2025-01-19 15:33:54 UTC,-79.6883207185203,44.374096459879894,-79.691012,44.373378,0,1,,Walk,,Walk,,
87b96c69-4f2c-4cc4-848d-7824c6189603,2025-01-19 15:39:31 UTC,2025-01-19 15:55:09 UTC,-79.69105,44.373391999999996,-79.70329,44.404661,4242.9721148308872,0.016577091306551019,8,Barrie Transit,12,Transit,Essa / Allandale GO Station,Bayfield / Cundles
87b96c69-4f2c-4cc4-848d-7824c6189603,2025-01-19 15:55:07 UTC,2025-01-19 16:00:40 UTC,-79.703291,44.40466,-79.707309228115619,44.403739406027427,379.85043719692561,0,,Walk,,Walk,,
b7a78c07-682d-4769-a0d4-41e708fc2e02,2025-01-19 15:42:28 UTC,2025-01-19 15:40:58 UTC,-79.689447424245671,44.373203973635341,-79.691012,44.373378,0,1,,Walk,,Walk,,
b7a78c07-682d-4769-a0d4-41e708fc2e02,2025-01-19 15:44:00 UTC,2025-01-19 15:59:09 UTC,-79.69105,44.373391999999996,-79.70329,44.404661,4242.9721148308872,0.96596355768597941,0,Barrie Transit,12,Transit,Essa / Allandale GO Station,Bayfield / Cundles
b7a78c07-682d-4769-a0d4-41e708fc2e02,2025-01-19 15:59:08 UTC,2025-01-19 16:04:41 UTC,-79.703291,44.40466,-79.707309228115619,44.403739406027427,379.85043719692561,0,,Walk,,Walk,,
ff7e2cd9-82b4-4b8d-a9f8-a76ffed84946,2025-01-19 22:28:02 UTC,2025-01-19 22:33:00 UTC,-79.612368456542669,44.352536024814945,-79.611295,44.354905999999993,339.81386085722988,0.016400038905080669,,Walk,,Walk,,
ff7e2cd9-82b4-4b8d-a9f8-a76ffed84946,2025-01-19 22:33:00 UTC,2025-01-19 23:24:00 UTC,-79.611325,44.354902,-79.699792,44.40065,19030.253130039859,0,0,Barrie Transit,12,Transit,The Queensway,Coulter Street
ff7e2cd9-82b4-4b8d-a9f8-a76ffed84946,2025-01-19 23:24:00 UTC,2025-01-19 23:26:22 UTC,-79.699799,44.400647,-79.699915626488092,44.401043276929748,168.5897477229932,0,,Walk,,Walk,,
5ed6df57-430d-44f8-84fd-f1dab42f375b,2025-01-15 18:37:22 UTC,2025-01-15 19:29:25 UTC,-79.504666,43.706564,-79.509657,43.777061,10168.16860631606,1,29,TTC,35,Transit,Jane St / John St,Pioneer Village Station Bus Bay 8
5ed6df57-430d-44f8-84fd-f1dab42f375b,2025-01-15 18:37:59 UTC,2025-01-15 18:32:14 UTC,-79.504034,43.70665,-79.504669323864192,43.706563452652382,0,1,,Walk,,Walk,,
e9c70c08-8974-4d1e-bd3c-a184572a3671,2025-01-19 17:37:50 UTC,2025-01-19 17:36:39 UTC,-79.650232659943413,44.415424265816569,-79.658612,44.416412,0,1,,Walk,,Walk,,
e9c70c08-8974-4d1e-bd3c-a184572a3671,2025-01-19 17:39:00 UTC,2025-01-19 17:55:00 UTC,-79.658612,44.416415,-79.691023,44.387709,5958.8798162460535,0,0,Barrie Transit,100,Transit,322 Georgian Drive,Downtown Barrie Terminal
e9c70c08-8974-4d1e-bd3c-a184572a3671,2025-01-19 17:55:00 UTC,2025-01-19 17:56:00 UTC,-79.691023,44.387709,-79.691023,44.387709,0,0,,Walk,,Walk,,
e9c70c08-8974-4d1e-bd3c-a184572a3671,2025-01-19 18:15:00 UTC,2025-01-19 18:38:00 UTC,-79.691023,44.387709,-79.690664,44.334046,9142.2742452008824,0,,Barrie Transit,2,Transit,Downtown Barrie Terminal,Bryne Drive
e9c70c08-8974-4d1e-bd3c-a184572a3671,2025-01-19 18:38:00 UTC,2025-01-19 18:44:35 UTC,-79.690686,44.334097,-79.6921513500484,44.33637240694901,449.97577182293128,0,,Walk,,Walk,,
619e9852-f31b-4035-bd9d-fa01a178a144,2025-01-19 19:11:30 UTC,2025-01-19 19:07:58 UTC,-79.627585604697458,44.351641183424952,-79.627567000000013,44.351031000000006,0,1,,Walk,,Walk,,
619e9852-f31b-4035-bd9d-fa01a178a144,2025-01-19 19:13:58 UTC,2025-01-19 20:26:42 UTC,-79.627441,44.351123999999992,-79.478352,43.753634,78386.086148212184,1,285,GO Transit,BR,Transit,Barrie South,Downsview Park
619e9852-f31b-4035-bd9d-fa01a178a144,2025-01-19 20:37:54 UTC,2025-01-19 20:41:05 UTC,-79.478694,43.75331,-79.499891,43.774093999999991,3377.39326205312,1,34,TTC,1,Transit,Downsview Park,York University
619e9852-f31b-4035-bd9d-fa01a178a144,2025-01-19 20:37:59 UTC,2025-01-19 20:36:33 UTC,-79.478342,43.753635,-79.477681,43.753734,90.728183460526878,1,,Walk,,Walk,,
619e9852-f31b-4035-bd9d-fa01a178a144,2025-01-19 20:41:13 UTC,2025-01-19 20:46:05 UTC,-79.499922,43.774055,-79.503896355409609,43.773129099370308,330.4539225502042,0,,Walk,,Walk,,
2f33be56-b172-44fd-bdad-23dd577d637c,2025-01-19 21:06:41 UTC,2025-01-19 21:17:00 UTC,-79.669414402192,44.410033263581724,-79.669134,44.412091,732.40471266214229,0,,Walk,,Walk,,
2f33be56-b172-44fd-bdad-23dd577d637c,2025-01-19 21:17:00 UTC,2025-01-19 21:27:00 UTC,-79.669134,44.412089000000009,-79.656561,44.397826000000009,3792.5746000943009,0,0,Barrie Transit,100,Transit,Georgian College,Johnson / Blake
2f33be56-b172-44fd-bdad-23dd577d637c,2025-01-19 21:27:00 UTC,2025-01-19 21:30:30 UTC,-79.656629,44.397832,-79.65733206255463,44.396560336205141,227.0084945616849,0,,Walk,,Walk,,
a9460375-2eeb-41c5-b700-30fe0b314706,2025-01-18 20:52:15 UTC,2025-01-18 20:40:49 UTC,-79.710987886844919,44.338168356778574,-79.710056,44.339504,0,1,,Walk,,Walk,,
a9460375-2eeb-41c5-b700-30fe0b314706,2025-01-18 20:54:16 UTC,2025-01-18 21:34:45 UTC,-79.710035,44.339541000000004,-79.653791,44.411694,13898.88528345383,1,20,Barrie Transit,8A,Transit,Mapleton / Essa,Cheltenham Road
a9460375-2eeb-41c5-b700-30fe0b314706,2025-01-18 21:34:41 UTC,2025-01-18 21:34:45 UTC,-79.653737,44.411687999999991,-79.654035306907758,44.411826342600484,0,1,,Walk,,Walk,,
36ba28b0-9823-4bb7-8135-e060c1667db5,2025-01-20 03:21:43 UTC,2025-01-20 03:17:58 UTC,-79.691460623644872,44.388475137076711,-79.690638,44.387881,0,1,,Walk,,Walk,,
36ba28b0-9823-4bb7-8135-e060c1667db5,2025-01-20 03:23:00 UTC,2025-01-20 03:40:13 UTC,-79.691023,44.387709,-79.663549,44.414482,6448.2696734229476,0,0,Barrie Transit,101,Transit,Downtown Barrie Terminal,RVH Atrium Entrance
36ba28b0-9823-4bb7-8135-e060c1667db5,2025-01-20 03:40:13 UTC,2025-01-20 03:47:02 UTC,-79.663545,44.414498,-79.665482681768211,44.412727735522459,467.59305723404441,0,,Walk,,Walk,,
5bfcb96b-fbce-48f4-b4e3-ed271377c1a0,2025-01-19 21:43:49 UTC,2025-01-19 21:43:07 UTC,-79.662963253273958,44.414524501777606,-79.663365,44.414376,0,1,,Walk,,Walk,,
5bfcb96b-fbce-48f4-b4e3-ed271377c1a0,2025-01-19 21:43:57 UTC,2025-01-19 22:01:44 UTC,-79.663369,44.414356,-79.690502,44.389498,6088.550092577897,1,16,Barrie Transit,100,Transit,RVH Atrium Entrance,Bayfield / Dunlop
5bfcb96b-fbce-48f4-b4e3-ed271377c1a0,2025-01-19 22:03:12 UTC,2025-01-19 22:03:17 UTC,-79.690474,44.389511,-79.689078277999172,44.389372760696382,0,1,,Walk,,Walk,,
d2b49bda-8441-4ca4-944d-6264e39f0401,2025-01-20 03:20:44 UTC,2025-01-20 03:22:53 UTC,-79.692727575397868,44.386674777346677,-79.690638,44.387881,463.847189803121,0.70257266273473351,,Walk,,Walk,,
d2b49bda-8441-4ca4-944d-6264e39f0401,2025-01-20 03:23:00 UTC,2025-01-20 03:39:00 UTC,-79.691023,44.387709,-79.663549,44.414482,6448.2696734229476,0,0,Barrie Transit,101,Transit,Downtown Barrie Terminal,RVH Atrium Entrance
d2b49bda-8441-4ca4-944d-6264e39f0401,2025-01-20 03:39:00 UTC,2025-01-20 03:45:49 UTC,-79.663545,44.414498,-79.665482681768211,44.412727735522459,467.59305723404441,0,,Walk,,Walk,,
e7ff8011-79aa-4e66-b68a-7d20b8fe04e2,2025-01-19 21:37:51 UTC,2025-01-19 21:44:00 UTC,-79.666590050402789,44.413623446358031,-79.663365,44.414376,415.566729973905,0,,Walk,,Walk,,
e7ff8011-79aa-4e66-b68a-7d20b8fe04e2,2025-01-19 21:44:00 UTC,2025-01-19 22:00:00 UTC,-79.663369,44.414356,-79.690502,44.389498,6088.550092577897,0,0,Barrie Transit,100,Transit,RVH Atrium Entrance,Bayfield / Dunlop
e7ff8011-79aa-4e66-b68a-7d20b8fe04e2,2025-01-19 22:00:00 UTC,2025-01-19 22:01:43 UTC,-79.690474,44.389511,-79.689078277999172,44.389372760696382,119.7611332172968,0,,Walk,,Walk,,
951fdba1-4f7b-4769-9a69-adbed0beba3d,2025-01-19 22:38:11 UTC,2025-01-19 22:43:00 UTC,-79.712025535448149,44.4091342757553,-79.708175,44.409714000000008,330.32863732904059,0,,Walk,,Walk,,
951fdba1-4f7b-4769-9a69-adbed0beba3d,2025-01-19 22:43:00 UTC,2025-01-19 23:37:00 UTC,-79.708173,44.409714999999991,-79.70052,44.350972000000006,19773.86062057969,0,0,Barrie Transit,8B,Transit,Livingstone / Bayfield,Loggers Run
951fdba1-4f7b-4769-9a69-adbed0beba3d,2025-01-19 23:37:00 UTC,2025-01-19 23:42:02 UTC,-79.700537,44.350978000000005,-79.70311585667227,44.34894727750023,352.06199540058418,0,,Walk,,Walk,,
27b31966-75c4-412c-ace1-a66c50fb494b,2025-01-19 20:58:59 UTC,2025-01-19 20:53:57 UTC,-79.656852212195432,44.4064343088132,-79.655173,44.40542,0,1,,Walk,,Walk,,
27b31966-75c4-412c-ace1-a66c50fb494b,2025-01-19 20:59:49 UTC,2025-01-19 21:11:18 UTC,-79.655131,44.405416,-79.691023,44.387709,4370.1532040987813,1,2,Barrie Transit,100,Transit,Johnson / Grove,Downtown Barrie Terminal
27b31966-75c4-412c-ace1-a66c50fb494b,2025-01-19 21:11:15 UTC,2025-01-19 21:11:18 UTC,-79.691023,44.387709,-79.691023,44.387709,0,1,,Walk,,Walk,,
27b31966-75c4-412c-ace1-a66c50fb494b,2025-01-19 21:19:59 UTC,2025-01-19 21:49:38 UTC,-79.691023,44.387709,-79.680276,44.340279,10646.606698667691,0.0138550300198149,2,Barrie Transit,2,Transit,Downtown Barrie Terminal,Park Place
27b31966-75c4-412c-ace1-a66c50fb494b,2025-01-19 21:49:35 UTC,2025-01-19 21:53:36 UTC,-79.680282,44.34027900000001,-79.679579424575948,44.338169118653362,281.40274229257,0,,Walk,,Walk,,
6a304168-78e5-4068-8b38-03f3815185b3,2025-01-19 17:50:30 UTC,2025-01-19 17:49:33 UTC,-79.660250564476925,44.351642440745721,-79.662177,44.35373100000001,0,1,,Walk,,Walk,,
6a304168-78e5-4068-8b38-03f3815185b3,2025-01-19 17:52:00 UTC,2025-01-19 17:58:24 UTC,-79.662182000000016,44.353742,-79.635553,44.359686,2218.0110046558111,0,0,Barrie Transit,12,Transit,Willow Landing School,Big Bay Point / Pine
6a304168-78e5-4068-8b38-03f3815185b3,2025-01-19 17:58:24 UTC,2025-01-19 18:17:17 UTC,-79.635547,44.35967200000001,-79.626331301215387,44.351645458043087,1333.8115396485171,0,,Walk,,Walk,,
6f4c5a23-c9d5-467e-a40e-e8b6e471b7e2,2025-01-19 17:46:40 UTC,2025-01-19 17:52:00 UTC,-79.660250564476925,44.351642440745721,-79.662177,44.35373100000001,357.924592015826,0,,Walk,,Walk,,
6f4c5a23-c9d5-467e-a40e-e8b6e471b7e2,2025-01-19 17:52:00 UTC,2025-01-19 17:57:00 UTC,-79.662182000000016,44.353742,-79.635553,44.359686,2218.0110046558111,0,0,Barrie Transit,12,Transit,Willow Landing School,Big Bay Point / Pine
6f4c5a23-c9d5-467e-a40e-e8b6e471b7e2,2025-01-19 17:57:00 UTC,2025-01-19 18:15:53 UTC,-79.635547,44.35967200000001,-79.626331301215387,44.351645458043087,1333.8115396485171,0,,Walk,,Walk,,
884428e6-264e-427f-b8c4-3cb2e3ab632b,2025-01-18 00:12:35 UTC,2025-01-18 00:07:03 UTC,-79.628839907090125,44.351636895084013,-79.628545,44.35174,0,1,,Walk,,Walk,,
884428e6-264e-427f-b8c4-3cb2e3ab632b,2025-01-18 00:16:00 UTC,2025-01-18 00:25:27 UTC,-79.62838600000002,44.35186199999999,-79.663783,44.34714,4174.5866903668966,1,3,Barrie Transit,8A,Transit,Barrie South GO Station,Huronia Medical Clinic
884428e6-264e-427f-b8c4-3cb2e3ab632b,2025-01-18 00:31:48 UTC,2025-01-18 00:31:51 UTC,-79.663852,44.34714,-79.660250564476925,44.351642440745721,0,1,,Walk,,Walk,,
80aa15b3-c14c-498a-ad7f-2302cd9b5994,2025-01-19 22:29:22 UTC,2025-01-19 23:42:57 UTC,-79.687858,44.374138,-79.380596,43.645194,101254.037971943,0.021032902873634029,66,GO Transit,BR,Transit,Allandale Waterfront,Union Station
80aa15b3-c14c-498a-ad7f-2302cd9b5994,2025-01-19 23:43:09 UTC,2025-01-19 23:48:09 UTC,-79.378651,43.644249999999992,-79.376822,43.643928,373.17069119515992,0,,Walk,,Walk,,
80aa15b3-c14c-498a-ad7f-2302cd9b5994,2025-01-20 00:05:00 UTC,2025-01-20 00:55:00 UTC,-79.376936000000015,43.644043000000011,-79.647487,43.59467,28112.350016105589,0,,GO Transit,21,Transit,Union Station Bus Terminal,Square One
80aa15b3-c14c-498a-ad7f-2302cd9b5994,2025-01-20 00:43:03 UTC,2025-01-19 22:04:28 UTC,-79.62773,44.350742,-79.687858,44.374138,0,1,,Walk,,Walk,,
80aa15b3-c14c-498a-ad7f-2302cd9b5994,2025-01-20 00:55:00 UTC,2025-01-20 00:56:00 UTC,-79.647487,43.59467,-79.647487,43.59467,0,0,,Walk,,Walk,,
80aa15b3-c14c-498a-ad7f-2302cd9b5994,2025-01-20 01:25:00 UTC,2025-01-20 02:35:00 UTC,-79.647487,43.59467,-80.225246,43.529371,69663.167505033649,0,,GO Transit,29,Transit,Square One,University of Guelph
80aa15b3-c14c-498a-ad7f-2302cd9b5994,2025-01-20 02:35:00 UTC,2025-01-20 02:35:00 UTC,-80.225246,43.529371,-80.225635740228242,43.529683456489614,0,0,,Walk,,Walk,,
50f3b417-6abc-44a3-998f-ccc6d403c58d,2025-01-19 20:08:56 UTC,2025-01-19 20:35:21 UTC,-79.653791,44.411694,-79.711636,44.40735,7749.0886086424534,0.20078176756973451,13,Barrie Transit,8A,Transit,Cheltenham Road,Gloria Street
50f3b417-6abc-44a3-998f-ccc6d403c58d,2025-01-19 20:09:00 UTC,2025-01-19 20:03:46 UTC,-79.65403,44.411828,-79.653791,44.411694,0,1,,Walk,,Walk,,
50f3b417-6abc-44a3-998f-ccc6d403c58d,2025-01-19 20:35:20 UTC,2025-01-19 20:46:46 UTC,-79.711565,44.407326,-79.715975586376345,44.402847030968992,805.34815497450131,0,,Walk,,Walk,,
6f7f8ba1-69f8-4d17-9deb-c869f459396c,2025-01-20 01:19:19 UTC,2025-01-20 01:22:59 UTC,-79.692507,44.390398,-79.691023,44.387709,37573.829934372232,1,2,Barrie Transit,11,Transit,Maple / Ross,Downtown Barrie Terminal
6f7f8ba1-69f8-4d17-9deb-c869f459396c,2025-01-20 01:29:31 UTC,2025-01-20 01:19:19 UTC,-79.692564,44.391167,-79.69250297226138,44.390401835358489,0,1,,Walk,,Walk,,
55f86057-4f38-4c37-b3a3-eba4f186ef74,2025-01-19 18:31:42 UTC,2025-01-19 18:31:01 UTC,-79.701031416135208,44.401946026942113,-79.706896,44.404895,0,1,,Walk,,Walk,,
55f86057-4f38-4c37-b3a3-eba4f186ef74,2025-01-19 18:33:00 UTC,2025-01-19 18:37:00 UTC,-79.706896,44.404895,-79.716924,44.399868000000005,1093.8277982755969,0,0,Barrie Transit,8A,Transit,Kozlov / Cundles,Cundles / Sunnidale
55f86057-4f38-4c37-b3a3-eba4f186ef74,2025-01-19 18:37:00 UTC,2025-01-19 18:39:10 UTC,-79.716879,44.399822,-79.718787217859344,44.399248598119883,124.351745782389,0,,Walk,,Walk,,
08d0e253-f217-4ebc-afdd-283be4d906c3,2025-01-18 22:38:45 UTC,2025-01-18 22:54:39 UTC,-79.708173,44.409714999999991,-79.675807,44.410776,3869.8422896369239,1,7,Barrie Transit,8B,Transit,Livingstone / Bayfield,115 Bell Farm
08d0e253-f217-4ebc-afdd-283be4d906c3,2025-01-18 22:42:56 UTC,2025-01-18 22:43:20 UTC,-79.708393,44.410031000000004,-79.708175,44.409714000000008,0,1,,Walk,,Walk,,
08d0e253-f217-4ebc-afdd-283be4d906c3,2025-01-18 23:04:35 UTC,2025-01-18 23:04:39 UTC,-79.675785,44.410748,-79.674600442819312,44.405539220842556,0,1,,Walk,,Walk,,
878bdad3-851f-4c29-9e5f-df89a7662b30,2025-01-19 20:27:30 UTC,2025-01-19 20:10:06 UTC,-79.674600442819312,44.405539220842556,-79.67431400000001,44.407431,0,1,,Walk,,Walk,,
878bdad3-851f-4c29-9e5f-df89a7662b30,2025-01-19 20:31:00 UTC,2025-01-19 21:26:50 UTC,-79.67431400000001,44.407431,-79.680276,44.340279,20762.90845405166,0,0,Barrie Transit,7,Transit,Duckworth / Grove,Park Place
f891aa5a-8e97-47a2-8c84-3937ddbedbec,2025-01-19 20:27:21 UTC,2025-01-19 20:30:56 UTC,-79.674600442819312,44.405539220842556,-79.674372,44.407436,248.63296200880779,0.01382518569610602,,Walk,,Walk,,
f891aa5a-8e97-47a2-8c84-3937ddbedbec,2025-01-19 20:31:00 UTC,2025-01-19 20:43:00 UTC,-79.67431400000001,44.407431,-79.691023,44.387709,3609.4235741667271,0,0,Barrie Transit,7,Transit,Duckworth / Grove,Downtown Barrie Terminal
f891aa5a-8e97-47a2-8c84-3937ddbedbec,2025-01-19 20:43:00 UTC,2025-01-19 20:43:00 UTC,-79.691023,44.387709,-79.691608643150886,44.387574901746113,0,0,,Walk,,Walk,,
7469392b-19b3-4799-ace5-65b362b4cda0,2025-01-19 22:32:21 UTC,2025-01-19 22:06:32 UTC,-79.703391655287163,44.404639294308545,-79.706834,44.404925999999996,0,1,,Walk,,Walk,,
7469392b-19b3-4799-ace5-65b362b4cda0,2025-01-19 22:33:00 UTC,2025-01-19 23:09:00 UTC,-79.706896,44.404895,-79.646975000000012,44.35652000000001,12070.513479989941,0,0,Barrie Transit,8A,Transit,Kozlov / Cundles,Yonge / Big Bay Point
7469392b-19b3-4799-ace5-65b362b4cda0,2025-01-19 23:09:00 UTC,2025-01-19 23:20:28 UTC,-79.646998,44.356486,-79.648954057251544,44.349842038162933,798.07146242065619,0,,Walk,,Walk,,
90301ff6-2401-418b-b5bd-4a8c3c11ce0f,2025-01-18 23:19:06 UTC,2025-01-18 23:05:03 UTC,-79.690345351410542,44.387572409546344,-79.690638,44.387881,0,1,,Walk,,Walk,,
90301ff6-2401-418b-b5bd-4a8c3c11ce0f,2025-01-18 23:20:38 UTC,2025-01-18 23:33:00 UTC,-79.691023,44.387709,-79.646975000000012,44.35652000000001,6633.2104200328913,1,2,Barrie Transit,8A,Transit,Downtown Barrie Terminal,Yonge / Big Bay Point
90301ff6-2401-418b-b5bd-4a8c3c11ce0f,2025-01-18 23:51:38 UTC,2025-01-18 23:51:41 UTC,-79.646998,44.356486,-79.648954057251544,44.349842038162933,0,1,,Walk,,Walk,,
30cfeac6-db4b-4c16-a85d-452252d76677,2025-01-19 22:37:00 UTC,2025-01-19 22:31:16 UTC,-79.6691226987025,44.411825617969107,-79.669134,44.412089000000009,0,1,,Walk,,Walk,,
30cfeac6-db4b-4c16-a85d-452252d76677,2025-01-19 22:37:00 UTC,2025-01-19 22:39:00 UTC,-79.669134,44.412089000000009,-79.675258,44.41101900000001,1038.947948403571,0,0,Barrie Transit,101,Transit,Georgian College,130 Bell Farm
30cfeac6-db4b-4c16-a85d-452252d76677,2025-01-19 22:39:00 UTC,2025-01-19 22:41:02 UTC,-79.675252,44.410968,-79.675413099855177,44.411825103147315,121.61074801155721,0,,Walk,,Walk,,
7179c773-6e77-4303-9a84-f79f56ef0934,2025-01-18 23:13:31 UTC,2025-01-18 23:10:59 UTC,-79.6691226987025,44.411825617969107,-79.669134,44.412089000000009,0,1,,Walk,,Walk,,
7179c773-6e77-4303-9a84-f79f56ef0934,2025-01-18 23:14:59 UTC,2025-01-18 23:19:18 UTC,-79.669134,44.412089000000009,-79.675258,44.41101900000001,1027.027318130863,1,14,Barrie Transit,8A,Transit,Georgian College,130 Bell Farm
8f53d37d-9be4-479b-af54-1d6034666a1b,2025-01-19 21:11:39 UTC,2025-01-19 21:10:59 UTC,-79.675413099855177,44.411825103147315,-79.675785,44.410748,0,1,,Walk,,Walk,,
8f53d37d-9be4-479b-af54-1d6034666a1b,2025-01-19 21:14:00 UTC,2025-01-19 21:17:48 UTC,-79.675807,44.410776,-79.669134,44.412089000000009,1075.765843128012,0,0,Barrie Transit,100,Transit,115 Bell Farm,Georgian College
8f53d37d-9be4-479b-af54-1d6034666a1b,2025-01-19 21:17:48 UTC,2025-01-19 21:17:48 UTC,-79.669134,44.412089000000009,-79.6691226987025,44.411825617969107,0,0,,Walk,,Walk,,
4e0a0514-70b6-4bb2-b9c9-080142a8fb74,2025-01-19 20:41:56 UTC,2025-01-19 20:52:20 UTC,-79.675258,44.41101900000001,-79.703308,44.404220000000009,4634.14331844282,0,4,Barrie Transit,101,Transit,130 Bell Farm,Kozlov Centre
4e0a0514-70b6-4bb2-b9c9-080142a8fb74,2025-01-19 20:52:20 UTC,2025-01-19 20:58:04 UTC,-79.703245,44.40424800000001,-79.703544,44.401946,382.0572122411146,0,,Walk,,Walk,,
4e0a0514-70b6-4bb2-b9c9-080142a8fb74,2025-01-19 20:56:51 UTC,2025-01-19 20:37:51 UTC,-79.672894,44.411828,-79.675250180294768,44.410972170809785,0,1,,Walk,,Walk,,
8c1ab5f5-468c-4104-a9a7-e1d7aec8aaa3,2025-01-19 21:51:00 UTC,2025-01-19 21:43:19 UTC,-79.70213920292,44.402841291804357,-79.701779,44.402916,0,1,,Walk,,Walk,,
8c1ab5f5-468c-4104-a9a7-e1d7aec8aaa3,2025-01-19 21:51:00 UTC,2025-01-19 22:08:00 UTC,-79.701779,44.402916,-79.669134,44.412089000000009,5964.0299425705452,0,0,Barrie Transit,100,Transit,Ferris Lane,Georgian College
8c1ab5f5-468c-4104-a9a7-e1d7aec8aaa3,2025-01-19 22:08:00 UTC,2025-01-19 22:08:00 UTC,-79.669134,44.412089000000009,-79.669414402192,44.410033263581724,0,0,,Walk,,Walk,,
41fcda0b-e34e-445f-9f2b-1b7da4af992e,2025-01-19 21:38:00 UTC,2025-01-19 22:54:26 UTC,-79.688685,44.334568,-79.669134,44.412089000000009,26329.05122370251,0,0,Barrie Transit,8A,Transit,Barrie View Drive,Georgian College
41fcda0b-e34e-445f-9f2b-1b7da4af992e,2025-01-19 22:36:57 UTC,2025-01-19 21:38:11 UTC,-79.688674,44.334573000000006,-79.688683004623428,44.334571824984813,0,1,,Walk,,Walk,,
bd27b7ab-4490-42af-83fc-ccb5884101be,2025-01-14 22:21:27 UTC,2025-01-14 22:21:15 UTC,-79.433701094857184,44.581612289760308,-79.433602,44.581503,0,1,,Walk,,Walk,,
bd27b7ab-4490-42af-83fc-ccb5884101be,2025-01-14 22:21:56 UTC,2025-01-14 23:15:10 UTC,-79.433602,44.581503,-79.669215,44.412053,36158.048229007181,1,8,Simcoe County LINX,3,Transit,"Orillia, Georgian College","Barrie, Georgian College"
310e20c5-e402-4e4c-94ad-416ddead752e,2025-01-19 17:32:30 UTC,2025-01-19 17:38:00 UTC,-79.66533943452697,44.413619686042075,-79.663365,44.414376,357.4668531361142,0,,Walk,,Walk,,
310e20c5-e402-4e4c-94ad-416ddead752e,2025-01-19 17:38:00 UTC,2025-01-19 17:44:00 UTC,-79.663369,44.414356,-79.655131,44.405416,2145.67484744837,0,0,Barrie Transit,100,Transit,RVH Atrium Entrance,Johnson / Grove
310e20c5-e402-4e4c-94ad-416ddead752e,2025-01-19 17:44:00 UTC,2025-01-19 17:46:57 UTC,-79.655173,44.40542,-79.656865319488531,44.404638612969435,194.6035002779083,0,,Walk,,Walk,,
596a8957-c82e-4809-8a8c-273856f01327,2025-01-19 17:57:34 UTC,2025-01-19 18:03:00 UTC,-79.66533943452697,44.413619686042075,-79.663369,44.414356,356.5516923831409,0,,Walk,,Walk,,
596a8957-c82e-4809-8a8c-273856f01327,2025-01-19 18:03:00 UTC,2025-01-19 19:09:00 UTC,-79.663369,44.414356,-79.691023,44.387709,21970.13386820021,0,0,Barrie Transit,100,Transit,RVH Atrium Entrance,Downtown Barrie Terminal
a6687df3-e6b3-47d0-84f7-9d096caa98f2,2025-01-19 17:55:53 UTC,2025-01-19 17:53:43 UTC,-79.66533943452697,44.413619686042075,-79.663369,44.414356,0,1,,Walk,,Walk,,
a6687df3-e6b3-47d0-84f7-9d096caa98f2,2025-01-19 17:56:59 UTC,2025-01-19 18:03:39 UTC,-79.663369,44.414356,-79.655131,44.405416,2185.1570838009452,1,9,Barrie Transit,8B,Transit,RVH Atrium Entrance,Johnson / Grove
a6687df3-e6b3-47d0-84f7-9d096caa98f2,2025-01-19 18:05:13 UTC,2025-01-19 18:05:18 UTC,-79.655173,44.40542,-79.656865319488531,44.404638612969435,0,1,,Walk,,Walk,,
b10226da-1743-4bc4-8548-c3a2335250a3,2025-01-19 20:20:55 UTC,2025-01-19 20:14:39 UTC,-79.656865319488531,44.404638612969435,-79.65526,44.403794000000005,0,1,,Walk,,Walk,,
b10226da-1743-4bc4-8548-c3a2335250a3,2025-01-19 20:21:58 UTC,2025-01-19 20:33:15 UTC,-79.655302,44.403798,-79.669134,44.412089000000009,3140.161231103039,0.73994513613877377,15,Barrie Transit,101,Transit,Johnson / Hickling Trail,Georgian College
b10226da-1743-4bc4-8548-c3a2335250a3,2025-01-19 20:33:13 UTC,2025-01-19 20:33:13 UTC,-79.669134,44.412089000000009,-79.6691226987025,44.411825617969107,0,0,,Walk,,Walk,,
a3d59e1b-4dc1-4925-b94b-e7d0645ec045,2025-01-19 16:51:42 UTC,2025-01-19 16:35:34 UTC,-79.67305411588417,44.409131049249723,-79.668891,44.410381,0,1,,Walk,,Walk,,
a3d59e1b-4dc1-4925-b94b-e7d0645ec045,2025-01-19 16:53:00 UTC,2025-01-19 17:07:00 UTC,-79.668891,44.410381,-79.692534,44.390191,4727.0335568470618,0,0,Barrie Transit,10,Transit,Georgian College,Maple / Ross
a3d59e1b-4dc1-4925-b94b-e7d0645ec045,2025-01-19 17:07:00 UTC,2025-01-19 17:09:42 UTC,-79.69255,44.390184,-79.692715897231977,44.388470135144,245.067049354671,0,,Walk,,Walk,,
ee3d0896-f120-4814-b399-ea3eae76c7ef,2025-01-17 21:13:26 UTC,2025-01-17 21:13:29 UTC,-79.692548685431916,44.390188244525696,-79.692718,44.388472,0,1,,Walk,,Walk,,
ee3d0896-f120-4814-b399-ea3eae76c7ef,2025-01-17 21:17:27 UTC,2025-01-17 21:03:09 UTC,-79.668152,44.410031000000004,-79.663702,44.406019,0,1,,Walk,,Walk,,
ee3d0896-f120-4814-b399-ea3eae76c7ef,2025-01-17 21:17:39 UTC,2025-01-17 21:12:28 UTC,-79.663702,44.406019,-79.692534,44.390191,3826.860185879927,1,11,Barrie Transit,10,Transit,Grove / Nelson,Maple / Ross
047c65c9-9f32-4523-b24e-910c133d2177,2025-01-20 02:13:18 UTC,2025-01-20 01:54:11 UTC,-79.478776893516226,43.753358048397104,-79.478352,43.753634,0,1,,Walk,,Walk,,
047c65c9-9f32-4523-b24e-910c133d2177,2025-01-20 02:16:56 UTC,2025-01-20 03:39:20 UTC,-79.478352,43.753634,-79.687858,44.374138,83879.342197744671,0.99048765389919224,14,GO Transit,BR,Transit,Downsview Park,Allandale Waterfront
00c6a564-2632-4c0c-b2c4-30f32919b08d,2025-01-20 02:34:33 UTC,2025-01-20 02:37:00 UTC,-79.702038489879783,44.340859236959332,-79.701485,44.342015,222.13578195392631,0.010794937934889139,,Walk,,Walk,,
00c6a564-2632-4c0c-b2c4-30f32919b08d,2025-01-20 02:37:00 UTC,2025-01-20 02:40:00 UTC,-79.701428000000021,44.342023,-79.695978000000011,44.332814,1356.316806476661,0,0,Barrie Transit,2,Transit,Veterans / Touchette,125 Mapleview Drive West
00c6a564-2632-4c0c-b2c4-30f32919b08d,2025-01-20 02:40:00 UTC,2025-01-20 02:40:26 UTC,-79.695956,44.332765,-79.696222543005135,44.33277945294703,31.930654825537,0,,Walk,,Walk,,
d182adea-c935-42cd-8672-8ace5af28e8f,2025-01-20 02:34:33 UTC,2025-01-20 02:37:00 UTC,-79.702038489879783,44.340859236959332,-79.701485,44.342015,222.13578195392631,0.010794937934889139,,Walk,,Walk,,
d182adea-c935-42cd-8672-8ace5af28e8f,2025-01-20 02:37:00 UTC,2025-01-20 02:40:00 UTC,-79.701428000000021,44.342023,-79.695978000000011,44.332814,1356.316806476661,0,0,Barrie Transit,2,Transit,Veterans / Touchette,125 Mapleview Drive West
d182adea-c935-42cd-8672-8ace5af28e8f,2025-01-20 02:40:00 UTC,2025-01-20 02:40:26 UTC,-79.695956,44.332765,-79.696222543005135,44.33277945294703,31.930654825537,0,,Walk,,Walk,,
e980800b-a5bf-4e2a-a939-92fa522dbcb7,2025-01-17 11:53:02 UTC,2025-01-17 11:49:40 UTC,-79.697328545146689,44.33367416357877,-79.695845,44.332944,0,1,,Walk,,Walk,,
e980800b-a5bf-4e2a-a939-92fa522dbcb7,2025-01-17 11:57:27 UTC,2025-01-17 12:00:06 UTC,-79.698569,44.332428,-79.701177,44.342176,1123.027454794159,1,5,Barrie Transit,2,Transit,Mapleview / Veteran's,Touchette Drive
e980800b-a5bf-4e2a-a939-92fa522dbcb7,2025-01-17 12:03:02 UTC,2025-01-17 12:03:04 UTC,-79.701151,44.34218,-79.702038489879783,44.340859236959332,0,1,,Walk,,Walk,,
d7705712-e126-4aa1-ba3c-acb4714f6ef3,2025-01-19 15:51:15 UTC,2025-01-19 16:03:38 UTC,-79.696131,44.418223000000005,-79.691023,44.387709,4411.1620073387767,0.36274805370808988,3,Barrie Transit,101,Transit,Margaret Drive,Downtown Barrie Terminal
d7705712-e126-4aa1-ba3c-acb4714f6ef3,2025-01-19 16:03:34 UTC,2025-01-19 16:04:34 UTC,-79.691023,44.387709,-79.691023,44.387709,0,0,,Walk,,Walk,,
d7705712-e126-4aa1-ba3c-acb4714f6ef3,2025-01-19 16:15:00 UTC,2025-01-19 16:37:00 UTC,-79.691023,44.387709,-79.687966,44.334496,9361.8744673992442,0,,Barrie Transit,2,Transit,Downtown Barrie Terminal,Barrie View Drive
d7705712-e126-4aa1-ba3c-acb4714f6ef3,2025-01-19 16:18:12 UTC,2025-01-19 15:44:29 UTC,-79.694244000000012,44.417218,-79.694036,44.417646999999995,0,1,,Walk,,Walk,,
d7705712-e126-4aa1-ba3c-acb4714f6ef3,2025-01-19 16:37:00 UTC,2025-01-19 16:44:05 UTC,-79.687979,44.334527,-79.6883753522103,44.3381657824096,476.71167650695332,0,,Walk,,Walk,,
01c576ae-156a-4a75-be19-f5f768d3468b,2025-01-19 19:31:02 UTC,2025-01-19 19:15:54 UTC,-79.690345351410542,44.387572409546344,-79.690638,44.387881,0,1,,Walk,,Walk,,
01c576ae-156a-4a75-be19-f5f768d3468b,2025-01-19 19:31:59 UTC,2025-01-19 20:05:14 UTC,-79.691023,44.387709,-79.635553,44.359686,14427.645873681829,0.92360352396506151,7,Barrie Transit,12,Transit,Downtown Barrie Terminal,Big Bay Point / Pine
01c576ae-156a-4a75-be19-f5f768d3468b,2025-01-19 20:05:11 UTC,2025-01-19 20:05:54 UTC,-79.635547,44.35967200000001,-79.636187778480632,44.359728383787079,50.204444839179772,0,,Walk,,Walk,,
48a9fa0a-ac82-43fa-b7f4-685f57d486db,2025-01-20 01:38:10 UTC,2025-01-20 01:43:00 UTC,-79.617037736804392,44.363315926488163,-79.614452,44.36203,344.24302738391668,0,,Walk,,Walk,,
48a9fa0a-ac82-43fa-b7f4-685f57d486db,2025-01-20 01:43:00 UTC,2025-01-20 02:19:00 UTC,-79.614491,44.362015,-79.691023,44.387709,16455.839858495219,0,0,Barrie Transit,12,Transit,Sovereign's Gate,Downtown Barrie Terminal
48a9fa0a-ac82-43fa-b7f4-685f57d486db,2025-01-20 02:19:00 UTC,2025-01-20 02:20:00 UTC,-79.691023,44.387709,-79.691023,44.387709,0,0,,Walk,,Walk,,
48a9fa0a-ac82-43fa-b7f4-685f57d486db,2025-01-20 02:37:00 UTC,2025-01-20 02:49:00 UTC,-79.691023,44.387709,-79.653791,44.411694,4981.6685734072807,0,,Barrie Transit,101,Transit,Downtown Barrie Terminal,Cheltenham Road
48a9fa0a-ac82-43fa-b7f4-685f57d486db,2025-01-20 02:49:00 UTC,2025-01-20 02:57:23 UTC,-79.653737,44.411687999999991,-79.6579542370797,44.409133279994606,574.47597490945509,0,,Walk,,Walk,,
b089111c-e48c-4c87-89a7-7308afe389da,2025-01-20 02:32:53 UTC,2025-01-20 02:19:10 UTC,-79.691608643150886,44.387574901746113,-79.690638,44.387881,0,1,,Walk,,Walk,,
b089111c-e48c-4c87-89a7-7308afe389da,2025-01-20 02:40:00 UTC,2025-01-20 02:51:37 UTC,-79.691023,44.387709,-79.653791,44.411694,4981.6685734072807,0.8395123648644911,4,Barrie Transit,101,Transit,Downtown Barrie Terminal,Cheltenham Road
b089111c-e48c-4c87-89a7-7308afe389da,2025-01-20 02:51:38 UTC,2025-01-20 03:00:01 UTC,-79.653737,44.411687999999991,-79.6579542370797,44.409133279994606,574.47597490945509,0,,Walk,,Walk,,
cb906d3d-3951-40b1-9071-e93f449fb6af,2025-01-19 19:36:01 UTC,2025-01-19 19:42:00 UTC,-79.686935047063827,44.373197915707209,-79.691012,44.373378,423.23589292118629,0,,Walk,,Walk,,
cb906d3d-3951-40b1-9071-e93f449fb6af,2025-01-19 19:42:00 UTC,2025-01-19 19:48:00 UTC,-79.69105,44.373391999999996,-79.691023,44.387709,1939.2386600941859,0,0,Barrie Transit,8B,Transit,Essa / Allandale GO Station,Downtown Barrie Terminal
cb906d3d-3951-40b1-9071-e93f449fb6af,2025-01-19 19:48:00 UTC,2025-01-19 19:49:00 UTC,-79.691023,44.387709,-79.691023,44.387709,0,0,,Walk,,Walk,,
cb906d3d-3951-40b1-9071-e93f449fb6af,2025-01-19 20:03:00 UTC,2025-01-19 20:21:00 UTC,-79.691023,44.387709,-79.689333,44.411838,5496.3824292633017,0,,Barrie Transit,100,Transit,Downtown Barrie Terminal,Robin Court
cb906d3d-3951-40b1-9071-e93f449fb6af,2025-01-19 20:21:00 UTC,2025-01-19 20:24:59 UTC,-79.689228,44.411884,-79.690643055305983,44.410929604966135,251.9531489156924,0,,Walk,,Walk,,
133ebb60-466f-4551-97bc-8fb159a22928,2025-01-19 21:48:33 UTC,2025-01-19 21:58:32 UTC,-79.687285140747449,44.333674630016212,-79.678715,44.336015999999994,0,1,,Walk,,Walk,,
133ebb60-466f-4551-97bc-8fb159a22928,2025-01-19 22:02:00 UTC,2025-01-19 22:19:00 UTC,-79.678712,44.335899,-79.616011,44.364075,7693.3048914740893,0,0,Barrie Transit,12,Transit,Bayview / Mapleview,Big Bay / Prince William Way
133ebb60-466f-4551-97bc-8fb159a22928,2025-01-19 22:19:00 UTC,2025-01-19 22:19:00 UTC,-79.616011,44.364075,-79.615917830849213,44.364215111683848,0,0,,Walk,,Walk,,
bb5c9ab7-4b70-4051-bd19-f16e096181ab,2025-01-19 11:46:39 UTC,2025-01-19 11:51:00 UTC,-79.686935047063827,44.373197915707209,-79.687858,44.374138,263.7180402875465,0,,Walk,,Walk,,
bb5c9ab7-4b70-4051-bd19-f16e096181ab,2025-01-19 11:51:00 UTC,2025-01-19 13:12:00 UTC,-79.687858,44.374138,-79.478352,43.753634,83878.003088896279,0,0,GO Transit,BR,Transit,Allandale Waterfront,Downsview Park
bb5c9ab7-4b70-4051-bd19-f16e096181ab,2025-01-19 13:12:00 UTC,2025-01-19 13:15:15 UTC,-79.478342,43.753635,-79.477681,43.753734,175.060147004053,0,,Walk,,Walk,,
bb5c9ab7-4b70-4051-bd19-f16e096181ab,2025-01-19 13:19:00 UTC,2025-01-19 13:28:00 UTC,-79.478694,43.75331,-79.443791,43.714747,6510.3477022974212,0,,TTC,1,Transit,Downsview Park,Lawrence West
bb5c9ab7-4b70-4051-bd19-f16e096181ab,2025-01-19 13:28:00 UTC,2025-01-19 13:31:48 UTC,-79.444178000000008,43.715962,-79.444093,43.716063,243.70648877897,0,,Walk,,Walk,,
bb5c9ab7-4b70-4051-bd19-f16e096181ab,2025-01-19 13:33:00 UTC,2025-01-19 13:50:00 UTC,-79.444088,43.716051,-79.398564,43.705088999999994,5488.0898238794534,0,,TTC,52,Transit,Lawrence West Station,Eglinton Station / Bus Bay 5
bb5c9ab7-4b70-4051-bd19-f16e096181ab,2025-01-19 13:50:00 UTC,2025-01-19 13:51:00 UTC,-79.398478,43.705097000000009,-79.398631,43.705306,36.438263114434683,0,,Walk,,Walk,,
bb5c9ab7-4b70-4051-bd19-f16e096181ab,2025-01-19 13:54:00 UTC,2025-01-19 14:05:00 UTC,-79.398609,43.70526,-79.367322,43.712967,2955.62841881619,0,,TTC,34,Transit,Eglinton Station / Bus Bay 6,Eglinton Ave East / Sutherland Dr
bb5c9ab7-4b70-4051-bd19-f16e096181ab,2025-01-19 14:05:00 UTC,2025-01-19 14:15:29 UTC,-79.367326,43.712977,-79.370109486369728,43.719222911083186,735.49741613666492,0,,Walk,,Walk,,
105ce0d7-d635-49cf-98fd-82caf843b995,2025-01-19 18:01:23 UTC,2025-01-19 18:00:13 UTC,-79.612497706499468,44.353439432824132,-79.611367,44.352241,0,1,,Walk,,Walk,,
105ce0d7-d635-49cf-98fd-82caf843b995,2025-01-19 18:12:23 UTC,2025-01-19 18:14:22 UTC,-79.611361000000016,44.352231,-79.627189,44.348606,1320.9306050594,1,2,Barrie Transit,12,Transit,Mapleview / Prince William Way,Mapleview / Yonge
105ce0d7-d635-49cf-98fd-82caf843b995,2025-01-19 18:14:18 UTC,2025-01-19 18:14:22 UTC,-79.627155,44.34852,-79.627835,44.348673,0,1,,Walk,,Walk,,
105ce0d7-d635-49cf-98fd-82caf843b995,2025-01-19 18:14:39 UTC,2025-01-19 18:50:35 UTC,-79.627774,44.348705,-79.716681,44.339874,13984.387141765739,-0.037146998012588271,4,Barrie Transit,8A,Transit,Yonge / Mapleview,Peggy Hill Team Community Centre
105ce0d7-d635-49cf-98fd-82caf843b995,2025-01-19 18:50:41 UTC,2025-01-19 18:50:41 UTC,-79.716681,44.339874,-79.716003304580866,44.339965398335885,0,0,,Walk,,Walk,,
6514cc11-4f28-44ae-b748-3080daf0b158,2025-01-19 17:59:18 UTC,2025-01-19 18:03:00 UTC,-79.612497706499468,44.353439432824132,-79.611367,44.352241,259.83467135692791,0.0095765614254080516,,Walk,,Walk,,
6514cc11-4f28-44ae-b748-3080daf0b158,2025-01-19 18:03:00 UTC,2025-01-19 18:06:00 UTC,-79.611361000000016,44.352231,-79.627189,44.348606,1320.9306050594,0,0,Barrie Transit,12,Transit,Mapleview / Prince William Way,Mapleview / Yonge
6514cc11-4f28-44ae-b748-3080daf0b158,2025-01-19 18:06:00 UTC,2025-01-19 18:07:00 UTC,-79.627155,44.34852,-79.627835,44.348673,580.09467426583092,0,,Walk,,Walk,,
6514cc11-4f28-44ae-b748-3080daf0b158,2025-01-19 18:19:00 UTC,2025-01-19 18:52:00 UTC,-79.627774,44.348705,-79.716681,44.339874,13984.387141765739,0,,Barrie Transit,8A,Transit,Yonge / Mapleview,Peggy Hill Team Community Centre
6514cc11-4f28-44ae-b748-3080daf0b158,2025-01-19 18:52:00 UTC,2025-01-19 18:52:00 UTC,-79.716681,44.339874,-79.716003304580866,44.339965398335885,0,0,,Walk,,Walk,,
70bb80e0-253d-4166-b100-24b14a579a3c,2025-01-19 18:17:12 UTC,2025-01-19 18:16:13 UTC,-79.628839907090125,44.351636895084013,-79.628545,44.35174,0,1,,Walk,,Walk,,
70bb80e0-253d-4166-b100-24b14a579a3c,2025-01-19 18:22:13 UTC,2025-01-19 18:55:03 UTC,-79.62838600000002,44.35186199999999,-79.716681,44.339874,14493.847464803281,1,1,Barrie Transit,8A,Transit,Barrie South GO Station,Peggy Hill Team Community Centre
70bb80e0-253d-4166-b100-24b14a579a3c,2025-01-19 18:55:05 UTC,2025-01-19 18:55:03 UTC,-79.716681,44.339874,-79.716003304580866,44.339965398335885,0,1,,Walk,,Walk,,
351a3d22-39bc-4cf0-a6b7-eb0444407e16,2025-01-20 00:49:43 UTC,2025-01-20 00:48:48 UTC,-79.689244388330877,44.411826551481951,-79.689333,44.411838,0,1,,Walk,,Walk,,
351a3d22-39bc-4cf0-a6b7-eb0444407e16,2025-01-20 00:53:23 UTC,2025-01-20 01:04:03 UTC,-79.689333,44.411838,-79.654592,44.408303,5264.2987417836193,0.84861087044074657,1,Barrie Transit,100,Transit,Robin Court,Hickling Trail
ed3a74ab-e463-44ec-b2dd-d9f37036d645,2025-01-20 00:49:39 UTC,2025-01-20 00:38:28 UTC,-79.689244388330877,44.411826551481951,-79.689333,44.411838,0,1,,Walk,,Walk,,
ed3a74ab-e463-44ec-b2dd-d9f37036d645,2025-01-20 00:50:00 UTC,2025-01-20 02:02:00 UTC,-79.689333,44.411838,-79.691023,44.387709,25416.68999135802,0,0,Barrie Transit,100,Transit,Robin Court,Downtown Barrie Terminal
f5cf2357-ebdc-4062-b185-8eb0a6e85912,2025-01-20 00:46:39 UTC,2025-01-20 00:39:07 UTC,-79.689244388330877,44.411826551481951,-79.689228,44.411884,0,1,,Walk,,Walk,,
f5cf2357-ebdc-4062-b185-8eb0a6e85912,2025-01-20 00:47:00 UTC,2025-01-20 01:01:00 UTC,-79.689333,44.411838,-79.654592,44.408303,5214.3407779611653,0,0,Barrie Transit,8B,Transit,Robin Court,Hickling Trail
f5cf2357-ebdc-4062-b185-8eb0a6e85912,2025-01-20 01:01:00 UTC,2025-01-20 01:01:00 UTC,-79.654592,44.408303,-79.65432740098143,44.408239256814653,0,0,,Walk,,Walk,,
41cf9403-6a9c-4429-82a0-c23e1f1e804e,2025-01-16 20:46:44 UTC,2025-01-16 21:09:52 UTC,-79.699486,44.399913,-79.70052,44.350972000000006,6123.185381605681,1,3,Barrie Transit,400,Transit,Bayfield / Coulter,Loggers Run
41cf9403-6a9c-4429-82a0-c23e1f1e804e,2025-01-16 20:56:44 UTC,2025-01-16 20:42:29 UTC,-79.69363,44.401048,-79.699467,44.399921,0,1,,Walk,,Walk,,
41cf9403-6a9c-4429-82a0-c23e1f1e804e,2025-01-16 21:13:43 UTC,2025-01-16 21:13:44 UTC,-79.700537,44.350978000000005,-79.699350672730347,44.348946576100118,0,1,,Walk,,Walk,,
f3ee8672-3725-469c-a976-4520c83eeb25,2025-01-19 22:34:57 UTC,2025-01-19 22:30:18 UTC,-79.700431079281429,44.355233039685238,-79.699446000000009,44.355003000000011,0,1,,Walk,,Walk,,
f3ee8672-3725-469c-a976-4520c83eeb25,2025-01-19 22:36:00 UTC,2025-01-19 23:14:00 UTC,-79.699423,44.355001,-79.653144,44.342563,14459.04140600262,0,0,Barrie Transit,8B,Transit,Loggers Run,Stunden Lane
f3ee8672-3725-469c-a976-4520c83eeb25,2025-01-19 23:14:00 UTC,2025-01-19 23:19:24 UTC,-79.653148,44.342545999999992,-79.651781009213607,44.342658952616276,374.90074028284812,0,,Walk,,Walk,,
846b8465-db02-4bb8-94fb-191a910cd540,2025-01-19 03:43:20 UTC,2025-01-19 04:14:00 UTC,-79.688685,44.334568,-79.691023,44.387709,9352.2113570573511,1,8,Barrie Transit,2,Transit,Barrie View Drive,Downtown Barrie Terminal
846b8465-db02-4bb8-94fb-191a910cd540,2025-01-19 03:51:45 UTC,2025-01-19 03:42:59 UTC,-79.68852,44.337267999999995,-79.688687,44.334571,274.680402753707,1,,Walk,,Walk,,
846b8465-db02-4bb8-94fb-191a910cd540,2025-01-19 04:25:25 UTC,2025-01-19 04:25:27 UTC,-79.690638,44.387881,-79.680142923781858,44.390267030306688,0,1,,Walk,,Walk,,
71d811ac-5774-41ec-bdc9-87a3ca485f7d,2025-01-19 22:27:34 UTC,2025-01-19 22:31:00 UTC,-79.708392046808967,44.410029230169883,-79.710282,44.408966,251.79986143928059,0.1040528594984859,,Walk,,Walk,,
71d811ac-5774-41ec-bdc9-87a3ca485f7d,2025-01-19 22:31:00 UTC,2025-01-19 23:21:00 UTC,-79.710305,44.409023,-79.63746,44.346286,16135.41012488769,0,,Barrie Transit,8A,Transit,Wal-Mart Plaza,Dean Avenue
71d811ac-5774-41ec-bdc9-87a3ca485f7d,2025-01-19 23:21:00 UTC,2025-01-19 23:25:06 UTC,-79.637439,44.346242000000004,-79.63891522676748,44.34805210836403,264.21412756248981,0,,Walk,,Walk,,
74a0498f-b872-4dca-941f-238d7892028e,2025-01-20 01:13:54 UTC,2025-01-20 01:02:30 UTC,-79.691608643150886,44.387574901746113,-79.691023,44.387709,0,1,,Walk,,Walk,,
74a0498f-b872-4dca-941f-238d7892028e,2025-01-20 01:20:00 UTC,2025-01-20 01:51:00 UTC,-79.691023,44.387709,-79.654592,44.408303,10760.15263111612,0,0,Barrie Transit,100,Transit,Downtown Barrie Terminal,Hickling Trail
74a0498f-b872-4dca-941f-238d7892028e,2025-01-20 01:51:00 UTC,2025-01-20 01:52:17 UTC,-79.654643,44.408307,-79.654183947032479,44.409131155743708,70.575682479943254,0,,Walk,,Walk,,
9ca398d9-7dac-46b6-8b02-44808236fea0,2025-01-19 21:11:46 UTC,2025-01-19 21:24:57 UTC,-79.706492,44.410659,-79.691023,44.387709,3166.457622987552,0.047004286943526638,6,Barrie Transit,101,Transit,Georgian Mall,Downtown Barrie Terminal
9ca398d9-7dac-46b6-8b02-44808236fea0,2025-01-19 21:34:17 UTC,2025-01-19 21:10:06 UTC,-79.708106000000015,44.411828,-79.706486650192886,44.410657140227308,0,1,,Walk,,Walk,,
66e683b5-e60b-46e6-b40f-57f8b76fbf5f,2025-01-19 23:04:48 UTC,2025-01-19 23:09:00 UTC,-79.707212525453613,44.3399623776975,-79.710056,44.339504,283.979507518424,0.0047748135027863171,,Walk,,Walk,,
66e683b5-e60b-46e6-b40f-57f8b76fbf5f,2025-01-19 23:09:00 UTC,2025-01-19 23:24:00 UTC,-79.710035,44.339541000000004,-79.680276,44.340279,7039.3879998158609,0,0,Barrie Transit,7,Transit,Mapleton / Essa,Park Place
66e683b5-e60b-46e6-b40f-57f8b76fbf5f,2025-01-19 23:24:00 UTC,2025-01-19 23:25:00 UTC,-79.680276,44.340279,-79.680276,44.340279,0,0,,Walk,,Walk,,
66e683b5-e60b-46e6-b40f-57f8b76fbf5f,2025-01-20 00:11:00 UTC,2025-01-20 00:31:00 UTC,-79.680276,44.340279,-79.611631,44.355198,9366.704674212524,0,,Barrie Transit,12,Transit,Park Place,Saint Gabriel Catholic School
66e683b5-e60b-46e6-b40f-57f8b76fbf5f,2025-01-20 00:31:00 UTC,2025-01-20 00:51:54 UTC,-79.611672,44.355193,-79.599758300889661,44.35972386190673,1476.442926431514,0,,Walk,,Walk,,
d39c3af2-b147-41a0-8e24-9b58f4933812,2025-01-19 23:36:06 UTC,2025-01-19 23:40:00 UTC,-79.707212525453613,44.3399623776975,-79.709958,44.339698,260.04320043789693,0,,Walk,,Walk,,
d39c3af2-b147-41a0-8e24-9b58f4933812,2025-01-19 23:40:00 UTC,2025-01-20 00:00:00 UTC,-79.709981,44.339658000000007,-79.680276,44.340279,8497.3790920500633,0,0,Barrie Transit,8B,Transit,Mapleton / Essa,Park Place
d39c3af2-b147-41a0-8e24-9b58f4933812,2025-01-20 00:00:00 UTC,2025-01-20 00:01:00 UTC,-79.680276,44.340279,-79.680276,44.340279,0,0,,Walk,,Walk,,
d39c3af2-b147-41a0-8e24-9b58f4933812,2025-01-20 00:11:00 UTC,2025-01-20 00:31:00 UTC,-79.680276,44.340279,-79.611631,44.355198,9366.704674212524,0,,Barrie Transit,12,Transit,Park Place,Saint Gabriel Catholic School
d39c3af2-b147-41a0-8e24-9b58f4933812,2025-01-20 00:31:00 UTC,2025-01-20 00:51:54 UTC,-79.611672,44.355193,-79.599758300889661,44.35972386190673,1476.442926431514,0,,Walk,,Walk,,
0ed7e279-2273-4e42-834e-be8b82375137,2025-01-19 15:58:11 UTC,2025-01-19 16:01:00 UTC,-79.676036253023625,44.39925563702964,-79.678352,44.39886,169.141547901915,0,,Walk,,Walk,,
0ed7e279-2273-4e42-834e-be8b82375137,2025-01-19 16:01:00 UTC,2025-01-19 16:08:00 UTC,-79.678352,44.39886,-79.691023,44.387709,2347.313826071636,0,0,Barrie Transit,10,Transit,Penetang / St Vincent,Downtown Barrie Terminal
aa0eb85a-b93e-474a-8512-be8a570516ea,2025-01-19 15:56:50 UTC,2025-01-19 16:00:00 UTC,-79.67589325743262,44.400147476947716,-79.673343,44.399409,210.51033035080931,0.0006377785611211222,,Walk,,Walk,,
aa0eb85a-b93e-474a-8512-be8a570516ea,2025-01-19 16:00:00 UTC,2025-01-19 17:08:00 UTC,-79.673343,44.399409,-79.691023,44.387709,21812.918468377949,0,0,Barrie Transit,10,Transit,Napier / Rodney,Downtown Barrie Terminal
a2ac452c-190f-4cff-93ae-810da912b120,2025-01-19 19:13:55 UTC,2025-01-19 20:47:00 UTC,-79.627441,44.351123999999992,-79.380596,43.645194,95762.2662967188,0.0018185523390513369,26,GO Transit,BR,Transit,Barrie South,Union Station
a2ac452c-190f-4cff-93ae-810da912b120,2025-01-19 20:46:58 UTC,2025-01-19 20:46:58 UTC,-79.380596,43.645194,-79.380675,43.645565000000005,0,0,,Walk,,Walk,,
a2ac452c-190f-4cff-93ae-810da912b120,2025-01-19 22:13:00 UTC,2025-01-19 19:13:46 UTC,-79.688325,44.374099,-79.6274392122548,44.351126882367339,6195.8804697526166,1,,Walk,,Walk,,
15f483e4-a3f1-43df-8211-577c8991689d,2025-01-18 00:19:58 UTC,2025-01-18 00:36:46 UTC,-79.691023,44.387709,-79.700862,44.339883,7582.9003553391194,1,8,Barrie Transit,2,Transit,Downtown Barrie Terminal,Mapleton Avenue
15f483e4-a3f1-43df-8211-577c8991689d,2025-01-18 00:20:00 UTC,2025-01-18 00:16:00 UTC,-79.691605,44.387573,-79.691023,44.387709,0,1,,Walk,,Walk,,
15f483e4-a3f1-43df-8211-577c8991689d,2025-01-18 00:41:46 UTC,2025-01-18 00:41:47 UTC,-79.700839,44.339836,-79.697154383758857,44.339964731204006,0,1,,Walk,,Walk,,
5fde2571-5987-4c38-8f44-e0f049f4edc0,2025-01-20 00:07:04 UTC,2025-01-19 23:50:34 UTC,-79.663702,44.406019,-79.691023,44.387709,4304.8396909806534,0,0,Barrie Transit,10,Transit,Grove / Nelson,Downtown Barrie Terminal
5fde2571-5987-4c38-8f44-e0f049f4edc0,2025-01-20 00:44:11 UTC,2025-01-19 23:50:15 UTC,-79.668008,44.41093,-79.66369783526801,44.406021145336744,0,1,,Walk,,Walk,,
c547ac01-998c-4d70-b0ec-4ac976a08db2,2025-01-19 23:57:09 UTC,2025-01-19 23:59:00 UTC,-79.6680019065359,44.410930948782273,-79.668883,44.410421,149.45678849928819,0,,Walk,,Walk,,
c547ac01-998c-4d70-b0ec-4ac976a08db2,2025-01-19 23:59:00 UTC,2025-01-20 00:13:00 UTC,-79.668891,44.410381,-79.691023,44.387709,5205.0130619477877,0,0,Barrie Transit,10,Transit,Georgian College,Downtown Barrie Terminal
c547ac01-998c-4d70-b0ec-4ac976a08db2,2025-01-20 00:13:00 UTC,2025-01-20 00:14:00 UTC,-79.691023,44.387709,-79.691023,44.387709,0,0,,Walk,,Walk,,
c547ac01-998c-4d70-b0ec-4ac976a08db2,2025-01-20 00:21:00 UTC,2025-01-20 00:37:00 UTC,-79.691023,44.387709,-79.700862,44.339883,7582.9003553391194,0,,Barrie Transit,2,Transit,Downtown Barrie Terminal,Mapleton Avenue
c547ac01-998c-4d70-b0ec-4ac976a08db2,2025-01-20 00:37:00 UTC,2025-01-20 00:42:33 UTC,-79.700839,44.339836,-79.697154383758857,44.339964731204006,381.1401783840958,0,,Walk,,Walk,,
b0930aad-e69f-437f-b125-bbc737f22891,2025-01-19 21:43:36 UTC,2025-01-19 22:01:29 UTC,-79.705107,44.411091,-79.664862,44.398734999999995,6169.2367928649919,1,8,Barrie Transit,10,Transit,Georgian Mall,Nelson / Napier
b0930aad-e69f-437f-b125-bbc737f22891,2025-01-19 21:44:48 UTC,2025-01-19 21:39:36 UTC,-79.705734,44.410929999999993,-79.705112588277558,44.411091591541265,0,1,,Walk,,Walk,,
b50e7de0-54cd-444e-9e1d-d9d783d837e5,2025-01-19 18:36:38 UTC,2025-01-19 18:30:56 UTC,-79.655933153842071,44.397456749476071,-79.656354,44.39797,0,1,,Walk,,Walk,,
b50e7de0-54cd-444e-9e1d-d9d783d837e5,2025-01-19 18:37:56 UTC,2025-01-19 19:02:46 UTC,-79.656354,44.39797,-79.706492,44.410659,8583.7553592341283,1,4,Barrie Transit,101,Transit,Johnson / Napier,Georgian Mall
624f8edd-7154-44cd-9cb2-9db0ed81e416,2025-01-20 04:04:08 UTC,2025-01-20 04:49:05 UTC,-79.467776,44.000173999999994,-79.415498,43.782133,25829.877685420332,0.01728923338064077,13,YRT,Blue,Transit,Yonge / Wellington,Finch GO Bus Terminal Platform 2
624f8edd-7154-44cd-9cb2-9db0ed81e416,2025-01-20 04:18:06 UTC,2025-01-20 03:57:46 UTC,-79.467076,43.995908,-79.467772670505653,44.000173082103217,0,1,,Walk,,Walk,,
af8aa888-e838-4797-8024-ae4d7157426a,2025-01-17 14:39:29 UTC,2025-01-17 14:37:16 UTC,-79.698245720424978,44.344456060384807,-79.701926,44.344612999999995,0,1,,Walk,,Walk,,
af8aa888-e838-4797-8024-ae4d7157426a,2025-01-17 14:42:26 UTC,2025-01-17 14:48:26 UTC,-79.701986,44.344604,-79.690664,44.334046,2091.6825443509142,0,0,Barrie Transit,2,Transit,Veteran's / Harvie,Bryne Drive
af8aa888-e838-4797-8024-ae4d7157426a,2025-01-17 14:48:26 UTC,2025-01-17 14:52:45 UTC,-79.690686,44.334097,-79.6899351650354,44.33277349310724,284.41365557258212,0,,Walk,,Walk,,
2ea60e36-b5c3-45dd-b12e-6b52ccd61209,2025-01-14 22:21:06 UTC,2025-01-14 22:17:18 UTC,-79.433701094857184,44.581612289760308,-79.433561000000012,44.581493,0,1,,Walk,,Walk,,
2ea60e36-b5c3-45dd-b12e-6b52ccd61209,2025-01-14 22:21:58 UTC,2025-01-14 23:17:01 UTC,-79.433602,44.581503,-79.669215,44.412053,36158.048229007181,1,21,Simcoe County LINX,3,Transit,"Orillia, Georgian College","Barrie, Georgian College"
2ea60e36-b5c3-45dd-b12e-6b52ccd61209,2025-01-14 23:30:04 UTC,2025-01-14 23:29:55 UTC,-79.719279,44.405923,-79.717366,44.403743,0,1,,Walk,,Walk,,
2ea60e36-b5c3-45dd-b12e-6b52ccd61209,2025-01-14 23:31:30 UTC,2025-01-14 23:29:55 UTC,-79.66854,44.410462,-79.719316,44.405965000000009,5734.80293105648,1,1,Barrie Transit,11,Transit,Georgian College,Ford Street
2ea60e36-b5c3-45dd-b12e-6b52ccd61209,2025-01-14 23:35:48 UTC,2025-01-14 23:21:19 UTC,-79.669213,44.412061,-79.668539136449553,44.410446206962348,0,1,,Walk,,Walk,,
111fc497-4513-4ac2-aeb5-a99a51398bb6,2025-01-19 17:47:36 UTC,2025-01-19 17:44:53 UTC,-79.7301515131216,44.327381513557107,-79.725392,44.328706,0,1,,Walk,,Walk,,
111fc497-4513-4ac2-aeb5-a99a51398bb6,2025-01-19 17:48:03 UTC,2025-01-19 17:59:26 UTC,-79.725341,44.328713,-79.687966,44.334496,4942.1332628943492,0.047693359290928578,1,Barrie Transit,8B,Transit,Sundew Drive,Barrie View Drive
111fc497-4513-4ac2-aeb5-a99a51398bb6,2025-01-19 17:59:25 UTC,2025-01-19 18:04:58 UTC,-79.687979,44.334527,-79.687297020136555,44.331880260869347,353.35859533132032,0,,Walk,,Walk,,
577073f5-8941-4b66-a5d0-003becffc4b7,2025-01-19 13:16:46 UTC,2025-01-19 13:12:26 UTC,-79.6514887147581,44.415419704879326,-79.656579,44.41637,0,1,,Walk,,Walk,,
577073f5-8941-4b66-a5d0-003becffc4b7,2025-01-19 13:17:56 UTC,2025-01-19 13:42:09 UTC,-79.656579,44.41637,-79.691023,44.387709,24659.124660870741,1,1,Barrie Transit,101,Transit,314 Georgian Drive,Downtown Barrie Terminal
9772bc0e-859b-4a7b-a724-087bdf897bcc,2025-01-19 23:25:30 UTC,2025-01-19 22:34:09 UTC,-79.628839907090125,44.351636895084013,-79.62838600000002,44.35186199999999,0,1,,Walk,,Walk,,
9772bc0e-859b-4a7b-a724-087bdf897bcc,2025-01-19 23:29:00 UTC,2025-01-20 00:15:00 UTC,-79.62838600000002,44.35186199999999,-79.669134,44.412089000000009,16172.53393315329,0,0,Barrie Transit,8B,Transit,Barrie South GO Station,Georgian College
0a97b643-43c4-4b00-9c52-20035d13a8e9,2025-01-19 19:24:05 UTC,2025-01-19 19:43:28 UTC,-79.7073293040532,44.3714042078791,-79.693144,44.37686,1471.562907105146,0.052201614614184412,,Walk,,Walk,,
0a97b643-43c4-4b00-9c52-20035d13a8e9,2025-01-19 19:44:00 UTC,2025-01-19 19:48:00 UTC,-79.693029,44.376899000000009,-79.691023,44.387709,1441.409773890173,0,0,Barrie Transit,8B,Transit,Brock Street,Downtown Barrie Terminal
0a97b643-43c4-4b00-9c52-20035d13a8e9,2025-01-19 19:48:00 UTC,2025-01-19 19:48:00 UTC,-79.691023,44.387709,-79.691608643150886,44.387574901746113,0,0,,Walk,,Walk,,
5e3d979e-0095-4950-b027-72820b653b6e,2025-01-19 18:49:43 UTC,2025-01-19 18:42:09 UTC,-79.738469461467062,44.340862361210171,-79.733705,44.347725,0,1,,Walk,,Walk,,
5e3d979e-0095-4950-b027-72820b653b6e,2025-01-19 18:50:59 UTC,2025-01-19 19:17:43 UTC,-79.733705,44.347725,-79.691023,44.387709,7554.7029472268441,0.55878524797966578,7,Barrie Transit,7,Transit,Silvercreek Crescent,Downtown Barrie Terminal
5e3d979e-0095-4950-b027-72820b653b6e,2025-01-19 19:17:39 UTC,2025-01-19 19:17:39 UTC,-79.691023,44.387709,-79.691608643150886,44.387574901746113,0,0,,Walk,,Walk,,
0e5c05a9-ce0c-4ded-8479-57152f276664,2025-01-17 00:34:55 UTC,2025-01-17 00:26:53 UTC,-79.616098011428662,44.357931471530982,-79.612854,44.359838,0,1,,Walk,,Walk,,
0e5c05a9-ce0c-4ded-8479-57152f276664,2025-01-17 00:38:18 UTC,2025-01-17 01:12:15 UTC,-79.61289,44.35983,-79.691023,44.387709,16730.261477311731,1,20,Barrie Transit,12,Transit,Prince William Way / Empire,Downtown Barrie Terminal
0e5c05a9-ce0c-4ded-8479-57152f276664,2025-01-17 01:13:31 UTC,2025-01-17 01:12:15 UTC,-79.691023,44.387709,-79.691023,44.387709,0,1,,Walk,,Walk,,
0e5c05a9-ce0c-4ded-8479-57152f276664,2025-01-17 01:15:58 UTC,2025-01-17 01:29:08 UTC,-79.691023,44.387709,-79.66854,44.410462,4369.1742869135851,0.98457251946027269,6,Barrie Transit,7,Transit,Downtown Barrie Terminal,Georgian College
0e5c05a9-ce0c-4ded-8479-57152f276664,2025-01-17 01:29:08 UTC,2025-01-17 01:38:51 UTC,-79.668542,44.410445,-79.6691226987025,44.411825617969107,693.46681507772053,0,,Walk,,Walk,,
42477f5e-ed0e-43ed-b97e-669229a02f4b,2025-01-19 17:14:56 UTC,2025-01-19 17:24:06 UTC,-79.61289,44.35983,-79.648989,44.356907,3321.5819298387391,1,12,Barrie Transit,12,Transit,Prince William Way / Empire,Yonge and Big Bay Point
42477f5e-ed0e-43ed-b97e-669229a02f4b,2025-01-19 18:14:22 UTC,2025-01-19 17:14:36 UTC,-79.612316,44.359726000000009,-79.612854,44.359838,0,1,,Walk,,Walk,,
42477f5e-ed0e-43ed-b97e-669229a02f4b,2025-01-19 18:29:52 UTC,2025-01-19 17:27:31 UTC,-79.648993,44.356917,-79.64666800000002,44.356673,0,1,,Walk,,Walk,,
42477f5e-ed0e-43ed-b97e-669229a02f4b,2025-01-19 18:32:00 UTC,2025-01-19 19:16:00 UTC,-79.646705,44.356618999999995,-79.669134,44.412089000000009,14471.460291834341,0,0,Barrie Transit,8B,Transit,Yonge / Big Bay Point,Georgian College
42477f5e-ed0e-43ed-b97e-669229a02f4b,2025-01-19 19:16:00 UTC,2025-01-19 19:16:07 UTC,-79.669134,44.412091,-79.6691226987025,44.411825617969107,4.0666959904048179,0,,Walk,,Walk,,
8585c008-1ea6-4ea1-9abb-8a799d18fd16,2025-01-19 21:46:46 UTC,2025-01-19 22:03:17 UTC,-79.663369,44.414356,-79.691023,44.387709,6515.8280515471524,1,13,Barrie Transit,100,Transit,RVH Atrium Entrance,Downtown Barrie Terminal
8585c008-1ea6-4ea1-9abb-8a799d18fd16,2025-01-19 22:03:17 UTC,2025-01-19 22:03:17 UTC,-79.691023,44.387709,-79.691023,44.387709,0,1,,Walk,,Walk,,
8585c008-1ea6-4ea1-9abb-8a799d18fd16,2025-01-19 22:09:51 UTC,2025-01-19 21:46:41 UTC,-79.662957,44.414523,-79.663365,44.414376,0,1,,Walk,,Walk,,
8585c008-1ea6-4ea1-9abb-8a799d18fd16,2025-01-19 22:52:00 UTC,2025-01-19 23:30:00 UTC,-79.691023,44.387709,-79.612629,44.35876,16744.649866148851,0,0,Barrie Transit,12,Transit,Downtown Barrie Terminal,Prince William Way / Sandringham
8585c008-1ea6-4ea1-9abb-8a799d18fd16,2025-01-19 23:30:00 UTC,2025-01-19 23:35:40 UTC,-79.612694,44.358745,-79.617352497079665,44.357927306495014,387.93547350055269,0,,Walk,,Walk,,
2539d878-b77f-4e40-9f2e-42c83d7f439e,2025-01-19 16:09:13 UTC,2025-01-19 15:32:42 UTC,-79.656380193825754,44.416316747304613,-79.656572,44.416408,0,1,,Walk,,Walk,,
2539d878-b77f-4e40-9f2e-42c83d7f439e,2025-01-19 16:10:00 UTC,2025-01-19 16:30:00 UTC,-79.656579,44.41637,-79.710305,44.409023,6666.1461726394136,0,0,Barrie Transit,8A,Transit,314 Georgian Drive,Wal-Mart Plaza
2539d878-b77f-4e40-9f2e-42c83d7f439e,2025-01-19 16:30:00 UTC,2025-01-19 16:33:33 UTC,-79.710282,44.408966,-79.712025535448149,44.4091342757553,198.3804540378338,0,,Walk,,Walk,,
325f8f82-bebc-4a5f-a328-77d939c6a555,2025-01-19 19:26:43 UTC,2025-01-19 19:19:20 UTC,-79.7044739528817,44.410929218903114,-79.705101,44.411085,0,1,,Walk,,Walk,,
325f8f82-bebc-4a5f-a328-77d939c6a555,2025-01-19 19:27:00 UTC,2025-01-19 19:43:03 UTC,-79.705107,44.411091,-79.658612,44.416415,6123.1881467718358,1,8,Barrie Transit,100,Transit,Georgian Mall,322 Georgian Drive
325f8f82-bebc-4a5f-a328-77d939c6a555,2025-01-19 19:45:25 UTC,2025-01-19 19:45:28 UTC,-79.658612,44.416412,-79.656380193825754,44.416316747304613,0,1,,Walk,,Walk,,
4844aa0d-695a-45c3-a19f-2c1d8b78b45c,2025-01-19 16:09:13 UTC,2025-01-19 15:58:48 UTC,-79.656380193825754,44.416316747304613,-79.656572,44.416408,0,1,,Walk,,Walk,,
4844aa0d-695a-45c3-a19f-2c1d8b78b45c,2025-01-19 16:09:58 UTC,2025-01-19 16:33:11 UTC,-79.659187,44.415777,-79.710305,44.409023,6382.2651540913557,0.98786840943860788,14,Barrie Transit,8A,Transit,Gallie Court / Quarry Ridge,Wal-Mart Plaza
4844aa0d-695a-45c3-a19f-2c1d8b78b45c,2025-01-19 16:33:06 UTC,2025-01-19 16:36:39 UTC,-79.710282,44.408966,-79.712025535448149,44.4091342757553,198.3804540378338,0,,Walk,,Walk,,
8bb87340-a8c3-4b74-8d9e-a30355129477,2025-01-19 19:26:48 UTC,2025-01-19 19:13:48 UTC,-79.7044739528817,44.410929218903114,-79.705101,44.411085,0,1,,Walk,,Walk,,
8bb87340-a8c3-4b74-8d9e-a30355129477,2025-01-19 19:27:00 UTC,2025-01-19 19:42:00 UTC,-79.705107,44.411091,-79.658612,44.416415,6123.1881467718358,0,0,Barrie Transit,100,Transit,Georgian Mall,322 Georgian Drive
8bb87340-a8c3-4b74-8d9e-a30355129477,2025-01-19 19:42:00 UTC,2025-01-19 19:45:32 UTC,-79.658612,44.416412,-79.656380193825754,44.416316747304613,250.2094714471657,0,,Walk,,Walk,,
d1c5dbbc-03dd-4dec-8f5a-0c0105eda84d,2025-01-19 16:09:13 UTC,2025-01-19 15:32:06 UTC,-79.656380193825754,44.416316747304613,-79.656572,44.416408,0,1,,Walk,,Walk,,
d1c5dbbc-03dd-4dec-8f5a-0c0105eda84d,2025-01-19 16:10:00 UTC,2025-01-19 16:30:00 UTC,-79.656579,44.41637,-79.710305,44.409023,6666.1461726394136,0,0,Barrie Transit,8A,Transit,314 Georgian Drive,Wal-Mart Plaza
d1c5dbbc-03dd-4dec-8f5a-0c0105eda84d,2025-01-19 16:30:00 UTC,2025-01-19 16:33:33 UTC,-79.710282,44.408966,-79.712025535448149,44.4091342757553,198.3804540378338,0,,Walk,,Walk,,
623a4e65-a5d3-451a-8fb4-e2fd7f353e02,2025-01-13 21:46:29 UTC,2025-01-13 22:32:45 UTC,-79.702903,44.41289,-79.692534,44.390191,12463.321446686639,0.5230950608648095,17,Barrie Transit,8B,Transit,Stanley Street,Maple / Ross
623a4e65-a5d3-451a-8fb4-e2fd7f353e02,2025-01-13 22:08:00 UTC,2025-01-13 21:46:17 UTC,-79.703075,44.411828,-79.702900815486174,44.412890520590089,0,1,,Walk,,Walk,,
0c162774-4cb8-4a61-8584-a9b81bcd4e03,2025-01-19 20:21:41 UTC,2025-01-19 20:14:13 UTC,-79.654489429614543,44.405543167716743,-79.654671,44.406941999999994,0,1,,Walk,,Walk,,
0c162774-4cb8-4a61-8584-a9b81bcd4e03,2025-01-19 20:22:56 UTC,2025-01-19 20:46:30 UTC,-79.654709,44.406945,-79.706492,44.410659,7577.2941258943374,0.94232512903328125,16,Barrie Transit,101,Transit,Johnson / Mayor,Georgian Mall
0c162774-4cb8-4a61-8584-a9b81bcd4e03,2025-01-19 20:46:33 UTC,2025-01-19 20:53:47 UTC,-79.706487,44.410655,-79.710764104667234,44.4109267655543,518.76846640439817,0,,Walk,,Walk,,
4da9dbfb-0d63-4622-9495-d6679ed13705,2025-01-19 21:50:32 UTC,2025-01-19 22:02:00 UTC,-79.7131362535546,44.411824258741269,-79.706479,44.40781599999999,820.34916021519382,0.013380002998914869,,Walk,,Walk,,
4da9dbfb-0d63-4622-9495-d6679ed13705,2025-01-19 22:02:00 UTC,2025-01-19 22:27:00 UTC,-79.706456000000017,44.407827000000005,-79.655302,44.403798,6851.0032162931784,0,0,Barrie Transit,101,Transit,Heather Street,Johnson / Hickling Trail
4da9dbfb-0d63-4622-9495-d6679ed13705,2025-01-19 22:27:00 UTC,2025-01-19 22:30:17 UTC,-79.65526,44.403794000000005,-79.654489429614543,44.405543167716743,213.3947875450182,0,,Walk,,Walk,,
621da73a-60ba-420c-afbf-d9e2529abe6c,2025-01-19 22:08:57 UTC,2025-01-19 22:21:00 UTC,-79.7131362535546,44.411824258741269,-79.705101,44.411085,861.65820528729216,0.0099288309047004582,,Walk,,Walk,,
621da73a-60ba-420c-afbf-d9e2529abe6c,2025-01-19 22:21:00 UTC,2025-01-19 22:41:00 UTC,-79.705107,44.411091,-79.655131,44.405416,7711.9147589191061,0,0,Barrie Transit,100,Transit,Georgian Mall,Johnson / Grove
621da73a-60ba-420c-afbf-d9e2529abe6c,2025-01-19 22:41:00 UTC,2025-01-19 22:42:16 UTC,-79.655173,44.40542,-79.654489429614543,44.405543167716743,67.9004269423602,0,,Walk,,Walk,,
7ad8dbd9-a9d9-4931-9f63-2a95de618c99,2025-01-17 21:10:29 UTC,2025-01-17 21:19:39 UTC,-79.669134,44.412089000000009,-79.655131,44.405416,2940.78280458556,0.26943489792655329,9,Barrie Transit,100,Transit,Georgian College,Johnson / Grove
7ad8dbd9-a9d9-4931-9f63-2a95de618c99,2025-01-17 21:11:54 UTC,2025-01-17 20:57:14 UTC,-79.669121,44.411828,-79.669134,44.412089000000009,0,1,,Walk,,Walk,,
7ad8dbd9-a9d9-4931-9f63-2a95de618c99,2025-01-17 21:19:39 UTC,2025-01-17 21:20:55 UTC,-79.655173,44.40542,-79.654489429614543,44.405543167716743,67.9004269423602,0,,Walk,,Walk,,
91dfece8-951d-4ea2-8147-645125cf4a7c,2025-01-19 22:09:01 UTC,2025-01-19 22:21:00 UTC,-79.7131362535546,44.411824258741269,-79.705101,44.411085,848.05683439272241,0,,Walk,,Walk,,
91dfece8-951d-4ea2-8147-645125cf4a7c,2025-01-19 22:21:00 UTC,2025-01-19 22:41:00 UTC,-79.705107,44.411091,-79.655131,44.405416,7711.9147589191061,0,0,Barrie Transit,100,Transit,Georgian Mall,Johnson / Grove
91dfece8-951d-4ea2-8147-645125cf4a7c,2025-01-19 22:41:00 UTC,2025-01-19 22:42:16 UTC,-79.655173,44.40542,-79.654489429614543,44.405543167716743,67.9004269423602,0,,Walk,,Walk,,
4e905439-3e3d-4fd9-b734-a2eb60babb80,2025-01-19 21:24:00 UTC,2025-01-19 21:22:41 UTC,-79.65432740098143,44.408239256814653,-79.654592,44.408303,0,1,,Walk,,Walk,,
4e905439-3e3d-4fd9-b734-a2eb60babb80,2025-01-19 21:24:00 UTC,2025-01-19 21:37:51 UTC,-79.654592,44.408303,-79.691023,44.387709,4695.1623051420947,0,0,Barrie Transit,100,Transit,Hickling Trail,Downtown Barrie Terminal
4e905439-3e3d-4fd9-b734-a2eb60babb80,2025-01-19 21:37:51 UTC,2025-01-19 21:37:51 UTC,-79.691023,44.387709,-79.691608643150886,44.387574901746113,0,0,,Walk,,Walk,,
fbc44cc8-4277-4e97-a9f2-cadb7b248115,2025-01-18 21:09:29 UTC,2025-01-18 21:16:51 UTC,-79.652451,44.358931,-79.63746,44.346286,3724.5857711558592,1,3,Barrie Transit,8A,Transit,Cox Mill Road,Dean Avenue
fbc44cc8-4277-4e97-a9f2-cadb7b248115,2025-01-18 21:27:21 UTC,2025-01-18 21:02:23 UTC,-79.647374,44.357031,-79.6524546129877,44.358930009560581,0,1,,Walk,,Walk,,
ad858de4-1f69-4e12-9927-d1cc70e29390,2025-01-17 12:30:46 UTC,2025-01-17 12:29:30 UTC,-79.680753816119577,44.404643117013165,-79.679296,44.405183000000008,0,1,,Walk,,Walk,,
ad858de4-1f69-4e12-9927-d1cc70e29390,2025-01-17 12:33:12 UTC,2025-01-17 12:56:01 UTC,-79.679296,44.405183000000008,-79.697966,44.373068000000011,5561.0618817296854,1,12,Barrie Transit,7,Transit,Maple Grove Public School,Tiffin / Anne
ad858de4-1f69-4e12-9927-d1cc70e29390,2025-01-17 12:58:37 UTC,2025-01-17 12:58:39 UTC,-79.697951,44.373033,-79.697118223896467,44.374100847234153,0,1,,Walk,,Walk,,
10483ac1-88ae-4ef7-857c-c8513d199150,2025-01-19 21:22:43 UTC,2025-01-19 21:20:10 UTC,-79.652928069029315,44.409135743766925,-79.654643,44.408307,0,1,,Walk,,Walk,,
10483ac1-88ae-4ef7-857c-c8513d199150,2025-01-19 21:24:00 UTC,2025-01-19 21:36:00 UTC,-79.654592,44.408303,-79.691023,44.387709,4694.1531855369476,0,0,Barrie Transit,100,Transit,Hickling Trail,Downtown Barrie Terminal
10483ac1-88ae-4ef7-857c-c8513d199150,2025-01-19 21:36:00 UTC,2025-01-19 21:37:00 UTC,-79.691023,44.387709,-79.691023,44.387709,0,0,,Walk,,Walk,,
10483ac1-88ae-4ef7-857c-c8513d199150,2025-01-19 21:53:00 UTC,2025-01-19 22:04:00 UTC,-79.691023,44.387709,-79.666742,44.368967000000005,4525.9589551127256,0,,Barrie Transit,8A,Transit,Downtown Barrie Terminal,Foster Drive
10483ac1-88ae-4ef7-857c-c8513d199150,2025-01-19 22:04:00 UTC,2025-01-19 22:05:10 UTC,-79.666775,44.36894,-79.667121340669766,44.369610654317249,72.034371485559689,0,,Walk,,Walk,,
1228d176-1606-44a3-b896-419e807c628f,2025-01-18 18:05:06 UTC,2025-01-18 17:42:47 UTC,-79.667121340669766,44.369610654317249,-79.66621,44.368949,0,1,,Walk,,Walk,,
1228d176-1606-44a3-b896-419e807c628f,2025-01-18 18:06:02 UTC,2025-01-18 18:15:30 UTC,-79.666265,44.368903999999993,-79.691023,44.387709,4241.244066214158,1,17,Barrie Transit,8B,Transit,Foster Drive,Downtown Barrie Terminal
1228d176-1606-44a3-b896-419e807c628f,2025-01-18 18:15:30 UTC,2025-01-18 18:15:30 UTC,-79.691023,44.387709,-79.691023,44.387709,0,1,,Walk,,Walk,,
1228d176-1606-44a3-b896-419e807c628f,2025-01-18 18:16:57 UTC,2025-01-18 18:27:40 UTC,-79.691023,44.387709,-79.654709,44.406945,4448.503956350517,0.041727216236056387,3,Barrie Transit,101,Transit,Downtown Barrie Terminal,Johnson / Mayor
1228d176-1606-44a3-b896-419e807c628f,2025-01-18 18:27:42 UTC,2025-01-18 18:34:30 UTC,-79.654671,44.406941999999994,-79.652928069029315,44.409135743766925,474.02847046183592,0,,Walk,,Walk,,
33afaa93-d2ce-4acf-aeb7-6d658188df3b,2025-01-19 21:23:52 UTC,2025-01-19 21:21:33 UTC,-79.65432740098143,44.408239256814653,-79.654643,44.408307,0,1,,Walk,,Walk,,
33afaa93-d2ce-4acf-aeb7-6d658188df3b,2025-01-19 21:48:58 UTC,2025-01-19 22:03:20 UTC,-79.654592,44.408303,-79.691023,44.387709,4694.1531855369476,1,10,Barrie Transit,100,Transit,Hickling Trail,Downtown Barrie Terminal
33afaa93-d2ce-4acf-aeb7-6d658188df3b,2025-01-19 22:03:19 UTC,2025-01-19 22:03:20 UTC,-79.691023,44.387709,-79.691023,44.387709,0,1,,Walk,,Walk,,
33afaa93-d2ce-4acf-aeb7-6d658188df3b,2025-01-19 22:08:33 UTC,2025-01-19 22:14:48 UTC,-79.691023,44.387709,-79.666742,44.368967000000005,4525.9589551127256,1,9,Barrie Transit,8A,Transit,Downtown Barrie Terminal,Foster Drive
33afaa93-d2ce-4acf-aeb7-6d658188df3b,2025-01-19 22:14:48 UTC,2025-01-19 22:14:48 UTC,-79.666775,44.36894,-79.667121340669766,44.369610654317249,0,1,,Walk,,Walk,,
6439a1db-4494-4d06-91fe-e52203e3dfe6,2025-01-19 21:37:42 UTC,2025-01-19 21:41:00 UTC,-79.655285879973633,44.411830226815958,-79.653791,44.411694,208.06956471165191,0,,Walk,,Walk,,
6439a1db-4494-4d06-91fe-e52203e3dfe6,2025-01-19 21:41:00 UTC,2025-01-19 22:05:00 UTC,-79.653791,44.411694,-79.699486,44.399913,8494.47978732806,0,0,Barrie Transit,101,Transit,Cheltenham Road,Bayfield / Coulter
746269f7-963b-449b-8ead-35a8979f3ad6,2025-01-19 17:04:54 UTC,2025-01-19 17:07:00 UTC,-79.727733678767422,44.396555700201922,-79.72634,44.396126,113.77553473217461,0,,Walk,,Walk,,
746269f7-963b-449b-8ead-35a8979f3ad6,2025-01-19 17:07:00 UTC,2025-01-19 18:25:00 UTC,-79.72634,44.396126,-79.691023,44.387709,24532.506500854819,0,0,Barrie Transit,11,Transit,Burns Circle,Downtown Barrie Terminal
4d36d6c7-96ef-423b-b2d0-a85a08139135,2025-01-19 16:55:56 UTC,2025-01-19 17:06:03 UTC,-79.70329,44.404661,-79.675807,44.410776,4651.9470109278218,1,8,Barrie Transit,100,Transit,Bayfield / Cundles,115 Bell Farm
4d36d6c7-96ef-423b-b2d0-a85a08139135,2025-01-19 16:56:00 UTC,2025-01-19 16:55:21 UTC,-79.703391,44.404641,-79.70329,44.404661,0,1,,Walk,,Walk,,
4d36d6c7-96ef-423b-b2d0-a85a08139135,2025-01-19 17:06:06 UTC,2025-01-19 17:06:11 UTC,-79.675785,44.410748,-79.675413099855177,44.411825103147315,0,1,,Walk,,Walk,,
52aa3824-42cd-41fe-93da-bde3f4d6e036,2025-01-19 16:24:01 UTC,2025-01-19 15:47:08 UTC,-79.675413099855177,44.411825103147315,-79.675252,44.410968,0,1,,Walk,,Walk,,
52aa3824-42cd-41fe-93da-bde3f4d6e036,2025-01-19 16:26:00 UTC,2025-01-19 16:40:00 UTC,-79.675258,44.41101900000001,-79.70052,44.401136,5043.010887069694,0,0,Barrie Transit,101,Transit,130 Bell Farm,Bayfield Mall
52aa3824-42cd-41fe-93da-bde3f4d6e036,2025-01-19 16:40:00 UTC,2025-01-19 16:42:43 UTC,-79.700524,44.401134,-79.701031416135208,44.401946026942113,176.74652711738489,0,,Walk,,Walk,,
735a47b2-8783-4df6-937d-57a891212a3c,2025-01-19 16:54:36 UTC,2025-01-19 16:49:06 UTC,-79.70213920292,44.402841291804357,-79.70177,44.402920000000009,0,1,,Walk,,Walk,,
735a47b2-8783-4df6-937d-57a891212a3c,2025-01-19 16:56:00 UTC,2025-01-19 17:09:00 UTC,-79.70329,44.404661,-79.675807,44.410776,4651.9470109278218,0,0,Barrie Transit,100,Transit,Bayfield / Cundles,115 Bell Farm
735a47b2-8783-4df6-937d-57a891212a3c,2025-01-19 17:09:00 UTC,2025-01-19 17:11:53 UTC,-79.675785,44.410748,-79.675413099855177,44.411825103147315,181.65352699466729,0,,Walk,,Walk,,
8e8e96fb-20c6-4db1-82d1-4e8331ad0b0b,2025-01-19 16:23:55 UTC,2025-01-19 15:49:42 UTC,-79.675556141890979,44.410933158657294,-79.675252,44.410968,0,1,,Walk,,Walk,,
8e8e96fb-20c6-4db1-82d1-4e8331ad0b0b,2025-01-19 16:26:00 UTC,2025-01-19 16:40:00 UTC,-79.675258,44.41101900000001,-79.70052,44.401136,5043.010887069694,0,0,Barrie Transit,101,Transit,130 Bell Farm,Bayfield Mall
8e8e96fb-20c6-4db1-82d1-4e8331ad0b0b,2025-01-19 16:40:00 UTC,2025-01-19 16:42:43 UTC,-79.700524,44.401134,-79.701031416135208,44.401946026942113,176.74652711738489,0,,Walk,,Walk,,
90dc8b3e-ff45-456b-ad61-ecdd3b75d648,2025-01-19 16:55:56 UTC,2025-01-19 17:06:03 UTC,-79.70329,44.404661,-79.675807,44.410776,4651.9470109278218,1,8,Barrie Transit,100,Transit,Bayfield / Cundles,115 Bell Farm
90dc8b3e-ff45-456b-ad61-ecdd3b75d648,2025-01-19 16:56:00 UTC,2025-01-19 16:55:21 UTC,-79.703391,44.404641,-79.70329,44.404661,0,1,,Walk,,Walk,,
90dc8b3e-ff45-456b-ad61-ecdd3b75d648,2025-01-19 17:06:06 UTC,2025-01-19 17:06:11 UTC,-79.675785,44.410748,-79.675413099855177,44.411825103147315,0,1,,Walk,,Walk,,
ea3851f8-1427-4ed3-9669-a55541275b8a,2025-01-19 16:29:06 UTC,2025-01-19 16:42:51 UTC,-79.675258,44.41101900000001,-79.70052,44.401136,5043.010887069694,1,7,Barrie Transit,101,Transit,130 Bell Farm,Bayfield Mall
ea3851f8-1427-4ed3-9669-a55541275b8a,2025-01-19 16:43:26 UTC,2025-01-19 16:43:28 UTC,-79.700524,44.401134,-79.70103,44.401946,0,1,,Walk,,Walk,,
ea3851f8-1427-4ed3-9669-a55541275b8a,2025-01-19 16:46:13 UTC,2025-01-19 16:25:36 UTC,-79.675553,44.41093,-79.675250180294768,44.410972170809785,0,1,,Walk,,Walk,,
880d1ad0-99bc-47d3-afed-90410b16a34b,2025-01-19 20:06:22 UTC,2025-01-19 20:19:13 UTC,-79.663549,44.414482,-79.706492,44.410659,5577.5284088219059,1,12,Barrie Transit,101,Transit,RVH Atrium Entrance,Georgian Mall
880d1ad0-99bc-47d3-afed-90410b16a34b,2025-01-19 20:20:09 UTC,2025-01-19 20:25:46 UTC,-79.706487,44.410655,-79.708097,44.413624000000006,464.91356867545568,0.13581612056082951,,Walk,,Walk,,
880d1ad0-99bc-47d3-afed-90410b16a34b,2025-01-19 20:24:17 UTC,2025-01-19 20:02:42 UTC,-79.657637000000008,44.416319,-79.6635537391495,44.41448048270118,0,1,,Walk,,Walk,,
7933c4ac-5000-4c26-a6e9-2d519b8dd5d0,2025-01-20 01:29:42 UTC,2025-01-20 00:34:09 UTC,-79.695082432489073,44.36421566311752,-79.696905,44.365307,0,1,,Walk,,Walk,,
7933c4ac-5000-4c26-a6e9-2d519b8dd5d0,2025-01-20 01:31:00 UTC,2025-01-20 02:48:00 UTC,-79.696905,44.365307,-79.691023,44.387709,26471.3709757295,0,0,Barrie Transit,8B,Transit,Essa / Fairview,Downtown Barrie Terminal
ee6ecbcd-53f0-46e5-bf5c-0bc31fbc6804,2025-01-19 03:32:00 UTC,2025-01-19 03:41:34 UTC,-79.696905,44.365307,-79.719460000000012,44.33625,4418.170549381759,1,7,Barrie Transit,8B,Transit,Essa / Fairview,Farmstead Crescent
ee6ecbcd-53f0-46e5-bf5c-0bc31fbc6804,2025-01-19 03:32:32 UTC,2025-01-19 03:25:59 UTC,-79.696335,44.364217,-79.696823,44.36528,0,1,,Walk,,Walk,,
ee6ecbcd-53f0-46e5-bf5c-0bc31fbc6804,2025-01-19 03:43:40 UTC,2025-01-19 03:43:41 UTC,-79.719525,44.336240999999994,-79.717278596671534,44.336371238026693,0,1,,Walk,,Walk,,
ab287a31-138f-4337-a581-c14c9118e8f6,2025-01-18 16:03:13 UTC,2025-01-18 15:58:54 UTC,-79.718327621415966,44.376794558609951,-79.718785,44.376629,0,1,,Walk,,Walk,,
ab287a31-138f-4337-a581-c14c9118e8f6,2025-01-18 16:03:59 UTC,2025-01-18 16:10:32 UTC,-79.718785,44.376629,-79.691023,44.387709,2830.0635586594831,1,3,Barrie Transit,2,Transit,Dunlop / Ferndale,Downtown Barrie Terminal
