user_trip_id,start_time,end_time,start_longitude,start_latitude,end_longitude,end_latitude,service_name,route_short_name,mode,start_stop_name,end_stop_name
e3b3fe6e-6f5c-4dcc-babc-e01bc7e6290b,2025-01-25 21:31:01 UTC,2025-01-25 21:37:25 UTC,-79.656834035186549,44.410033283381274,-79.653737,44.411687999999991,Walk,,Walk,,
e3b3fe6e-6f5c-4dcc-babc-e01bc7e6290b,2025-01-25 21:37:25 UTC,2025-01-25 21:51:00 UTC,-79.653791,44.411694,-79.689216000000016,44.412053,Barrie Transit,8A,Transit,Cheltenham Road,St Vincent / Cundles
e3b3fe6e-6f5c-4dcc-babc-e01bc7e6290b,2025-01-25 21:51:00 UTC,2025-01-25 21:54:49 UTC,-79.689331,44.412002999999991,-79.68798846340114,44.4118315246944,Walk,,Walk,,
992fb552-7187-4c1a-936b-7d2e7cb483bf,2025-01-25 13:41:06 UTC,2025-01-25 13:46:00 UTC,-79.640332423463818,44.343559651146244,-79.643508,44.344746,Walk,,Walk,,
992fb552-7187-4c1a-936b-7d2e7cb483bf,2025-01-25 13:46:00 UTC,2025-01-25 14:43:00 UTC,-79.643539,44.344739000000004,-79.705107,44.411091,Barrie Transit,8B,Transit,Madelaine Drive,Georgian Mall
992fb552-7187-4c1a-936b-7d2e7cb483bf,2025-01-25 14:43:00 UTC,2025-01-25 14:50:19 UTC,-79.705101,44.411085,-79.708233221408278,44.412725476179112,Walk,,Walk,,
b686b8c4-0203-41f1-85ef-93c051391b26,2025-01-25 23:21:30 UTC,2025-01-25 23:27:00 UTC,-79.708233221408278,44.412725476179112,-79.706487,44.410655,Walk,,Walk,,
b686b8c4-0203-41f1-85ef-93c051391b26,2025-01-25 23:27:00 UTC,2025-01-26 00:21:00 UTC,-79.706492,44.410659,-79.643242,44.344964,Barrie Transit,8A,Transit,Georgian Mall,Madelaine Drive
b686b8c4-0203-41f1-85ef-93c051391b26,2025-01-26 00:21:00 UTC,2025-01-26 00:26:29 UTC,-79.643207,44.344884,-79.640332423463818,44.343559651146244,Walk,,Walk,,
0ecbe9cd-133e-4a24-939c-84cfc91e5e4b,2025-01-25 22:10:17 UTC,2025-01-25 22:18:00 UTC,-79.667854085365,44.413626192068008,-79.668542,44.410445,Walk,,Walk,,
0ecbe9cd-133e-4a24-939c-84cfc91e5e4b,2025-01-25 22:18:00 UTC,2025-01-25 22:31:00 UTC,-79.66854,44.410462,-79.719316,44.405965000000009,Barrie Transit,11,Transit,Georgian College,Ford Street
0ecbe9cd-133e-4a24-939c-84cfc91e5e4b,2025-01-25 22:31:00 UTC,2025-01-25 22:40:21 UTC,-79.719279,44.405923,-79.724747321639029,44.408236232295074,Walk,,Walk,,
47ba8f20-482c-4578-a935-ffcfc3b9cc89,2025-01-25 15:57:57 UTC,2025-01-25 16:07:16 UTC,-79.724747321639029,44.408236232295074,-79.719593,44.405783000000007,Walk,,Walk,,
47ba8f20-482c-4578-a935-ffcfc3b9cc89,2025-01-25 16:07:16 UTC,2025-01-25 16:23:16 UTC,-79.719523,44.405704,-79.668891,44.410381,Barrie Transit,10,Transit,Ford Street,Georgian College
47ba8f20-482c-4578-a935-ffcfc3b9cc89,2025-01-25 16:23:16 UTC,2025-01-25 16:23:16 UTC,-79.668891,44.410381,-79.67037326266481,44.411829337551055,Walk,,Walk,,
fa70c356-885f-4587-b5d9-3812dbdb9bde,2025-01-25 20:27:59 UTC,2025-01-25 20:39:08 UTC,-79.706896,44.361916,-79.710179,44.337005,Barrie Transit,7,Transit,Patterson Place,Coughlin Road
fa70c356-885f-4587-b5d9-3812dbdb9bde,2025-01-25 20:39:08 UTC,2025-01-25 20:49:32 UTC,-79.710214,44.337016000000006,-79.712402,44.333673999999995,Walk,,Walk,,
fa70c356-885f-4587-b5d9-3812dbdb9bde,2025-01-25 20:55:38 UTC,2025-01-25 20:26:37 UTC,-79.706262,44.361522,-79.706832661500485,44.361929253587434,Walk,,Walk,,
b4b3efe4-52e9-478f-8ee8-621cdf6a302b,2025-01-25 21:45:46 UTC,2025-01-25 21:33:54 UTC,-79.627585604697458,44.351641183424952,-79.62838600000002,44.35186199999999,Walk,,Walk,,
b4b3efe4-52e9-478f-8ee8-621cdf6a302b,2025-01-25 21:47:00 UTC,2025-01-25 22:27:00 UTC,-79.62838600000002,44.35186199999999,-79.70433300000002,44.346565,Barrie Transit,8A,Transit,Barrie South GO Station,Essa / Veteran's
dc046eca-b2a8-42e9-a876-76202316a0ea,2025-01-25 12:22:00 UTC,2025-01-25 12:13:15 UTC,-79.70311585667227,44.34894727750023,-79.70433300000002,44.346565,Walk,,Walk,,
dc046eca-b2a8-42e9-a876-76202316a0ea,2025-01-25 12:27:00 UTC,2025-01-25 12:35:00 UTC,-79.70433300000002,44.346565,-79.69105,44.373391999999996,Barrie Transit,8A,Transit,Essa / Veteran's,Essa / Allandale GO Station
a6c9cd1e-1cb6-4513-bdb2-3d47519b88ea,2025-01-25 23:49:00 UTC,2025-01-25 23:43:39 UTC,-79.691608643150886,44.387574901746113,-79.691023,44.387709,Walk,,Walk,,
a6c9cd1e-1cb6-4513-bdb2-3d47519b88ea,2025-01-25 23:50:00 UTC,2025-01-26 00:05:00 UTC,-79.691023,44.387709,-79.680276,44.340279,Barrie Transit,12,Transit,Downtown Barrie Terminal,Park Place
4edcdc6b-d55a-448a-9103-30625c70028f,2025-01-25 15:57:00 UTC,2025-01-25 16:07:00 UTC,-79.648791897887463,44.35253661075599,-79.648993,44.356917,Walk,,Walk,,
4edcdc6b-d55a-448a-9103-30625c70028f,2025-01-25 16:07:00 UTC,2025-01-25 16:27:00 UTC,-79.648989,44.356907,-79.679116,44.347275,Barrie Transit,12,Transit,Yonge and Big Bay Point,Barrie Primary Care Centre
4edcdc6b-d55a-448a-9103-30625c70028f,2025-01-25 16:27:00 UTC,2025-01-25 16:38:08 UTC,-79.679241,44.347258,-79.6814530400681,44.354334041682762,Walk,,Walk,,
c18260ab-74c0-427c-8d61-1d67f77750f7,2025-01-25 15:57:00 UTC,2025-01-25 16:07:00 UTC,-79.648791897887463,44.35253661075599,-79.648993,44.356917,Walk,,Walk,,
c18260ab-74c0-427c-8d61-1d67f77750f7,2025-01-25 16:07:00 UTC,2025-01-25 16:27:00 UTC,-79.648989,44.356907,-79.679116,44.347275,Barrie Transit,12,Transit,Yonge and Big Bay Point,Barrie Primary Care Centre
c18260ab-74c0-427c-8d61-1d67f77750f7,2025-01-25 16:27:00 UTC,2025-01-25 16:38:08 UTC,-79.679241,44.347258,-79.6814530400681,44.354334041682762,Walk,,Walk,,
0ecc15b5-2ccd-4523-b306-ded303517081,2025-01-25 19:56:00 UTC,2025-01-25 19:59:57 UTC,-79.669626324287776,44.3714037249891,-79.669373,44.370009,Walk,,Walk,,
0ecc15b5-2ccd-4523-b306-ded303517081,2025-01-25 19:59:57 UTC,2025-01-25 20:57:00 UTC,-79.669359,44.370046,-79.70433300000002,44.346565,Barrie Transit,8A,Transit,Yonge / Huronia,Essa / Veteran's
0ecc15b5-2ccd-4523-b306-ded303517081,2025-01-25 20:57:00 UTC,2025-01-25 21:01:23 UTC,-79.704311,44.346557,-79.7043924348512,44.345352918913122,Walk,,Walk,,
65873003-22f6-41c3-9dac-9e180e8797b5,2025-01-25 15:03:51 UTC,2025-01-25 15:09:00 UTC,-79.7043924348512,44.345352918913122,-79.70436,44.347106,Walk,,Walk,,
65873003-22f6-41c3-9dac-9e180e8797b5,2025-01-25 15:09:00 UTC,2025-01-25 16:06:00 UTC,-79.704324,44.347096,-79.666265,44.368903999999993,Barrie Transit,8B,Transit,Essa / Veteran's,Foster Drive
65873003-22f6-41c3-9dac-9e180e8797b5,2025-01-25 16:06:00 UTC,2025-01-25 16:12:35 UTC,-79.66621,44.368949,-79.669626324287776,44.3714037249891,Walk,,Walk,,
924c6c17-a877-4eea-b714-2153808babb2,2025-01-25 14:33:51 UTC,2025-01-25 14:39:00 UTC,-79.7043924348512,44.345352918913122,-79.70436,44.347106,Walk,,Walk,,
924c6c17-a877-4eea-b714-2153808babb2,2025-01-25 14:39:00 UTC,2025-01-25 15:36:00 UTC,-79.704324,44.347096,-79.666265,44.368903999999993,Barrie Transit,8B,Transit,Essa / Veteran's,Foster Drive
924c6c17-a877-4eea-b714-2153808babb2,2025-01-25 15:53:25 UTC,2025-01-25 16:00:00 UTC,-79.66621,44.368949,-79.669626324287776,44.3714037249891,Walk,,Walk,,
cb42edae-d20e-48be-8bba-f90cbdc81e73,2025-01-25 15:03:51 UTC,2025-01-25 15:09:00 UTC,-79.7043924348512,44.345352918913122,-79.70436,44.347106,Walk,,Walk,,
cb42edae-d20e-48be-8bba-f90cbdc81e73,2025-01-25 15:09:00 UTC,2025-01-25 16:06:00 UTC,-79.704324,44.347096,-79.666265,44.368903999999993,Barrie Transit,8B,Transit,Essa / Veteran's,Foster Drive
cb42edae-d20e-48be-8bba-f90cbdc81e73,2025-01-25 16:06:00 UTC,2025-01-25 16:12:35 UTC,-79.66621,44.368949,-79.669626324287776,44.3714037249891,Walk,,Walk,,
fffa0787-64e4-47e9-aa43-dca12bc9483f,2025-01-25 20:29:49 UTC,2025-01-25 20:14:58 UTC,-79.669638914441748,44.369608666438147,-79.669373,44.370009,Walk,,Walk,,
fffa0787-64e4-47e9-aa43-dca12bc9483f,2025-01-25 20:30:00 UTC,2025-01-25 21:27:00 UTC,-79.669359,44.370046,-79.70433300000002,44.346565,Barrie Transit,8A,Transit,Yonge / Huronia,Essa / Veteran's
fffa0787-64e4-47e9-aa43-dca12bc9483f,2025-01-25 21:27:00 UTC,2025-01-25 21:31:23 UTC,-79.704311,44.346557,-79.7043924348512,44.345352918913122,Walk,,Walk,,
4aa03854-157b-4ba2-bf20-5caf4d6564ac,2025-01-25 16:44:00 UTC,2025-01-25 16:48:00 UTC,-79.669270438263567,44.4091304227762,-79.66854,44.410462,Walk,,Walk,,
4aa03854-157b-4ba2-bf20-5caf4d6564ac,2025-01-25 16:48:00 UTC,2025-01-25 18:25:00 UTC,-79.66854,44.410462,-79.691023,44.387709,Barrie Transit,11,Transit,Georgian College,Downtown Barrie Terminal
52c3e19d-9042-441e-bd6b-116100a460ec,2025-01-25 21:41:31 UTC,2025-01-25 21:48:00 UTC,-79.708233221408278,44.412725476179112,-79.705101,44.411085,Walk,,Walk,,
52c3e19d-9042-441e-bd6b-116100a460ec,2025-01-25 21:48:00 UTC,2025-01-25 21:59:00 UTC,-79.705107,44.411091,-79.668891,44.410381,Barrie Transit,10,Transit,Georgian Mall,Georgian College
52c3e19d-9042-441e-bd6b-116100a460ec,2025-01-25 21:59:00 UTC,2025-01-25 21:59:00 UTC,-79.668891,44.410381,-79.668150468664649,44.4100305339309,Walk,,Walk,,
af53d4e7-3ab9-46f1-814b-9600303a18a7,2025-01-25 20:06:25 UTC,2025-01-25 19:53:33 UTC,-79.699915626488092,44.401043276929748,-79.699799,44.400647,Walk,,Walk,,
af53d4e7-3ab9-46f1-814b-9600303a18a7,2025-01-25 20:08:00 UTC,2025-01-25 20:13:00 UTC,-79.699792,44.40065,-79.705107,44.411091,Barrie Transit,100,Transit,Coulter Street,Georgian Mall
af53d4e7-3ab9-46f1-814b-9600303a18a7,2025-01-25 20:13:00 UTC,2025-01-25 20:13:00 UTC,-79.705107,44.411091,-79.706993773652712,44.410926380360124,Walk,,Walk,,
8971429f-ad79-4d5b-9fc5-bbec193a7ba4,2025-01-25 19:01:09 UTC,2025-01-25 19:02:45 UTC,-79.654035306907758,44.411826342600484,-79.654058,44.411529,Walk,,Walk,,
8971429f-ad79-4d5b-9fc5-bbec193a7ba4,2025-01-25 19:02:45 UTC,2025-01-25 19:46:45 UTC,-79.653998,44.411523,-79.717148,44.339937,Barrie Transit,8B,Transit,Cheltenham Road,Peggy Hill Team Community Centre
8971429f-ad79-4d5b-9fc5-bbec193a7ba4,2025-01-25 19:46:45 UTC,2025-01-25 19:46:45 UTC,-79.717148,44.339937,-79.7172572128679,44.339960147310791,Walk,,Walk,,
41ea2b66-9f04-474e-8e5f-9eb5392b293a,2025-01-25 18:22:38 UTC,2025-01-25 18:30:16 UTC,-79.64930670168,44.408233075457765,-79.654643,44.408307,Walk,,Walk,,
41ea2b66-9f04-474e-8e5f-9eb5392b293a,2025-01-25 18:30:16 UTC,2025-01-25 18:42:16 UTC,-79.654592,44.408303,-79.691023,44.387709,Barrie Transit,100,Transit,Hickling Trail,Downtown Barrie Terminal
41ea2b66-9f04-474e-8e5f-9eb5392b293a,2025-01-25 18:42:16 UTC,2025-01-25 18:43:16 UTC,-79.691023,44.387709,-79.691023,44.387709,Walk,,Walk,,
41ea2b66-9f04-474e-8e5f-9eb5392b293a,2025-01-25 18:46:00 UTC,2025-01-25 18:51:00 UTC,-79.691023,44.387709,-79.69043,44.37485800000001,Barrie Transit,7,Transit,Downtown Barrie Terminal,Tiffin / Allandale GO Station
41ea2b66-9f04-474e-8e5f-9eb5392b293a,2025-01-25 18:51:00 UTC,2025-01-25 18:57:25 UTC,-79.690376,44.374869000000004,-79.686935047063827,44.373197915707209,Walk,,Walk,,
46c0a8ee-9955-4070-9843-0ce8724479d7,2025-01-26 00:36:13 UTC,2025-01-26 00:45:00 UTC,-79.651114587301379,44.36062168167394,-79.648993,44.356917,Walk,,Walk,,
46c0a8ee-9955-4070-9843-0ce8724479d7,2025-01-26 00:45:00 UTC,2025-01-26 01:15:00 UTC,-79.648989,44.356907,-79.691023,44.387709,Barrie Transit,12,Transit,Yonge and Big Bay Point,Downtown Barrie Terminal
46c0a8ee-9955-4070-9843-0ce8724479d7,2025-01-26 01:15:00 UTC,2025-01-26 01:16:00 UTC,-79.691023,44.387709,-79.691023,44.387709,Walk,,Walk,,
46c0a8ee-9955-4070-9843-0ce8724479d7,2025-01-26 01:30:00 UTC,2025-01-26 01:50:00 UTC,-79.691023,44.387709,-79.689782,44.420183000000009,Barrie Transit,11,Transit,Downtown Barrie Terminal,Marjoy Avenue
46c0a8ee-9955-4070-9843-0ce8724479d7,2025-01-26 01:50:00 UTC,2025-01-26 01:51:47 UTC,-79.689767,44.4202,-79.691577311859078,44.419915493970031,Walk,,Walk,,
81d2d6c7-1d47-49d6-a279-2dad0e01594f,2025-01-25 18:16:44 UTC,2025-01-25 18:24:00 UTC,-79.6903131162281,44.419913011954932,-79.696131,44.418223000000005,Walk,,Walk,,
81d2d6c7-1d47-49d6-a279-2dad0e01594f,2025-01-25 18:24:00 UTC,2025-01-25 19:04:00 UTC,-79.696131,44.418223000000005,-79.652451,44.358931,Barrie Transit,8A,Transit,Margaret Drive,Cox Mill Road
8a4b2607-ff4e-4f86-a151-1ecc85e2c8d4,2025-01-26 02:26:41 UTC,2025-01-26 02:32:00 UTC,-79.652377151525513,44.360624614813311,-79.650779,44.3584,Walk,,Walk,,
8a4b2607-ff4e-4f86-a151-1ecc85e2c8d4,2025-01-26 02:32:00 UTC,2025-01-26 02:46:00 UTC,-79.650779,44.3584,-79.691023,44.387709,Barrie Transit,8B,Transit,Cox Mill Road,Downtown Barrie Terminal
40e1fa60-b115-4d74-b737-33c8119e4a8c,2025-01-25 18:40:42 UTC,2025-01-25 18:36:50 UTC,-79.710906443670964,44.41003479389186,-79.708175,44.409714000000008,Walk,,Walk,,
40e1fa60-b115-4d74-b737-33c8119e4a8c,2025-01-25 18:45:39 UTC,2025-01-25 19:03:39 UTC,-79.708173,44.409714999999991,-79.653998,44.411523,Barrie Transit,8B,Transit,Livingstone / Bayfield,Cheltenham Road
40e1fa60-b115-4d74-b737-33c8119e4a8c,2025-01-25 19:03:39 UTC,2025-01-25 19:03:39 UTC,-79.653998,44.411523,-79.654035306907758,44.411826342600484,Walk,,Walk,,
611c81a0-ca81-4c3a-b2e5-5303552febd7,2025-01-25 15:52:25 UTC,2025-01-25 16:01:54 UTC,-79.649117521127778,44.414520890713163,-79.654058,44.411529,Walk,,Walk,,
611c81a0-ca81-4c3a-b2e5-5303552febd7,2025-01-25 16:01:54 UTC,2025-01-25 16:03:54 UTC,-79.653998,44.411523,-79.655131,44.405416,Barrie Transit,100,Transit,Cheltenham Road,Johnson / Grove
611c81a0-ca81-4c3a-b2e5-5303552febd7,2025-01-25 16:03:54 UTC,2025-01-25 16:06:27 UTC,-79.655173,44.40542,-79.656865319488531,44.404638612969435,Walk,,Walk,,
784bf739-6f02-40fc-b37d-0201e878d775,2025-01-25 15:52:25 UTC,2025-01-25 16:01:54 UTC,-79.649117521127778,44.414520890713163,-79.654058,44.411529,Walk,,Walk,,
784bf739-6f02-40fc-b37d-0201e878d775,2025-01-25 16:01:54 UTC,2025-01-25 16:03:54 UTC,-79.653998,44.411523,-79.655131,44.405416,Barrie Transit,100,Transit,Cheltenham Road,Johnson / Grove
784bf739-6f02-40fc-b37d-0201e878d775,2025-01-25 16:03:54 UTC,2025-01-25 16:06:27 UTC,-79.655173,44.40542,-79.656865319488531,44.404638612969435,Walk,,Walk,,
a470139b-c74e-4b47-8fe1-09ca95baf9db,2025-01-25 17:37:56 UTC,2025-01-25 17:30:03 UTC,-79.655758357607823,44.403742883883005,-79.65526,44.403794000000005,Walk,,Walk,,
a470139b-c74e-4b47-8fe1-09ca95baf9db,2025-01-25 17:38:59 UTC,2025-01-25 18:01:59 UTC,-79.655302,44.403798,-79.710305,44.409023,Barrie Transit,8A,Transit,Johnson / Hickling Trail,Wal-Mart Plaza
a470139b-c74e-4b47-8fe1-09ca95baf9db,2025-01-25 18:01:59 UTC,2025-01-25 18:07:39 UTC,-79.710282,44.408966,-79.71216230007218,44.410029570311394,Walk,,Walk,,
c1c397c0-6168-487f-8a37-d8847ad21926,2025-01-25 18:41:04 UTC,2025-01-25 18:45:39 UTC,-79.710906443670964,44.41003479389186,-79.708175,44.409714000000008,Walk,,Walk,,
c1c397c0-6168-487f-8a37-d8847ad21926,2025-01-25 18:45:39 UTC,2025-01-25 19:03:39 UTC,-79.708173,44.409714999999991,-79.653998,44.411523,Barrie Transit,8B,Transit,Livingstone / Bayfield,Cheltenham Road
c1c397c0-6168-487f-8a37-d8847ad21926,2025-01-25 19:03:39 UTC,2025-01-25 19:03:39 UTC,-79.653998,44.411523,-79.654035306907758,44.411826342600484,Walk,,Walk,,
c8c7a69a-8892-4db5-941d-78ffef410a3b,2025-01-25 16:01:54 UTC,2025-01-25 15:49:12 UTC,-79.654035306907758,44.411826342600484,-79.653998,44.411523,Walk,,Walk,,
c8c7a69a-8892-4db5-941d-78ffef410a3b,2025-01-25 16:01:54 UTC,2025-01-25 16:03:54 UTC,-79.653998,44.411523,-79.655131,44.405416,Barrie Transit,100,Transit,Cheltenham Road,Johnson / Grove
c8c7a69a-8892-4db5-941d-78ffef410a3b,2025-01-25 16:03:54 UTC,2025-01-25 16:06:27 UTC,-79.655173,44.40542,-79.656865319488531,44.404638612969435,Walk,,Walk,,
e2ecdb3d-a330-45fa-b46e-fafcc1c4b4d0,2025-01-25 17:34:36 UTC,2025-01-25 17:37:38 UTC,-79.6557452066052,44.405538563987882,-79.654671,44.406941999999994,Walk,,Walk,,
e2ecdb3d-a330-45fa-b46e-fafcc1c4b4d0,2025-01-25 17:37:38 UTC,2025-01-25 17:59:38 UTC,-79.654709,44.406945,-79.710305,44.409023,Barrie Transit,8A,Transit,Johnson / Mayor,Wal-Mart Plaza
e2ecdb3d-a330-45fa-b46e-fafcc1c4b4d0,2025-01-25 17:59:38 UTC,2025-01-25 18:05:18 UTC,-79.710282,44.408966,-79.71216230007218,44.410029570311394,Walk,,Walk,,
fae3934e-0124-48be-a7ca-fd0897bde5d4,2025-01-25 20:45:43 UTC,2025-01-25 20:34:31 UTC,-79.675413099855177,44.411825103147315,-79.675252,44.410968,Walk,,Walk,,
fae3934e-0124-48be-a7ca-fd0897bde5d4,2025-01-25 20:48:00 UTC,2025-01-25 21:10:00 UTC,-79.675258,44.41101900000001,-79.705997,44.384741,Barrie Transit,8A,Transit,130 Bell Farm,Anne Street
fae3934e-0124-48be-a7ca-fd0897bde5d4,2025-01-25 21:10:00 UTC,2025-01-25 21:15:38 UTC,-79.706086,44.384784999999994,-79.7027827220579,44.386673684612781,Walk,,Walk,,
6fb65319-f6e4-487d-b9b2-66c6a8f71544,2025-01-25 19:42:40 UTC,2025-01-25 19:48:00 UTC,-79.669418969111575,44.408230022944622,-79.668542,44.410445,Walk,,Walk,,
6fb65319-f6e4-487d-b9b2-66c6a8f71544,2025-01-25 19:48:00 UTC,2025-01-25 19:59:00 UTC,-79.66854,44.410462,-79.710305,44.409023,Barrie Transit,11,Transit,Georgian College,Wal-Mart Plaza
6fb65319-f6e4-487d-b9b2-66c6a8f71544,2025-01-25 19:59:00 UTC,2025-01-25 20:03:03 UTC,-79.710282,44.408966,-79.710764104667234,44.4109267655543,Walk,,Walk,,
0ba6cf16-23f4-4979-8ab3-5df1842255fc,2025-01-25 21:27:24 UTC,2025-01-25 21:30:00 UTC,-79.71786935799544,44.386674131376743,-79.719172,44.387537999999992,Walk,,Walk,,
0ba6cf16-23f4-4979-8ab3-5df1842255fc,2025-01-25 21:30:00 UTC,2025-01-25 21:46:00 UTC,-79.719172,44.387537999999992,-79.708173,44.409714999999991,Barrie Transit,10,Transit,Fox Run / Leacock Drive,Livingstone / Bayfield
e09f64e6-9426-407f-822b-765a6609b3ed,2025-01-25 20:05:02 UTC,2025-01-25 20:03:57 UTC,-79.693056792282974,44.377694371792373,-79.693393,44.377234,Walk,,Walk,,
e09f64e6-9426-407f-822b-765a6609b3ed,2025-01-25 20:06:13 UTC,2025-01-25 20:20:13 UTC,-79.693478,44.377205,-79.680276,44.340279,Barrie Transit,12,Transit,Brock Street,Park Place
e09f64e6-9426-407f-822b-765a6609b3ed,2025-01-25 20:20:13 UTC,2025-01-25 20:21:13 UTC,-79.680276,44.340279,-79.680276,44.340279,Walk,,Walk,,
e09f64e6-9426-407f-822b-765a6609b3ed,2025-01-25 20:34:00 UTC,2025-01-25 20:38:00 UTC,-79.680276,44.340279,-79.688685,44.334568,Barrie Transit,8A,Transit,Park Place,Barrie View Drive
e09f64e6-9426-407f-822b-765a6609b3ed,2025-01-25 20:38:00 UTC,2025-01-25 20:43:04 UTC,-79.688687,44.334571,-79.687297020136555,44.331880260869347,Walk,,Walk,,
db579b37-d74e-4125-82b4-c9ca91ccd9be,2025-01-26 00:32:33 UTC,2025-01-26 00:06:08 UTC,-79.708392046808967,44.410029230169883,-79.70823,44.41006,Walk,,Walk,,
db579b37-d74e-4125-82b4-c9ca91ccd9be,2025-01-26 00:34:00 UTC,2025-01-26 01:28:00 UTC,-79.708299,44.41003,-79.615813,44.351151,Barrie Transit,12,Transit,Bayfield / Livingstone,Royal Jubilee Drive
db579b37-d74e-4125-82b4-c9ca91ccd9be,2025-01-26 01:28:00 UTC,2025-01-26 01:32:52 UTC,-79.615833,44.351195,-79.613917715109324,44.348947024412027,Walk,,Walk,,
f264d70a-a198-4b1a-8522-ce959b76f832,2025-01-26 00:13:15 UTC,2025-01-26 00:15:00 UTC,-79.699779130561438,44.4001480451676,-79.699799,44.400647,Walk,,Walk,,
f264d70a-a198-4b1a-8522-ce959b76f832,2025-01-26 00:15:00 UTC,2025-01-26 00:35:00 UTC,-79.699792,44.40065,-79.658612,44.416415,Barrie Transit,100,Transit,Coulter Street,322 Georgian Drive
f264d70a-a198-4b1a-8522-ce959b76f832,2025-01-26 00:35:00 UTC,2025-01-26 00:36:35 UTC,-79.658612,44.416412,-79.660151078694724,44.416318792027681,Walk,,Walk,,
498df66e-6f3d-4d0e-9c8a-4f3bc72bc08b,2025-01-25 20:14:10 UTC,2025-01-25 20:16:40 UTC,-79.606981933204537,44.363317914412619,-79.614491,44.362015,Walk,,Walk,,
498df66e-6f3d-4d0e-9c8a-4f3bc72bc08b,2025-01-25 20:23:00 UTC,2025-01-25 20:30:00 UTC,-79.614491,44.362015,-79.648989,44.356907,Barrie Transit,12,Transit,Sovereign's Gate,Yonge and Big Bay Point
b33a5468-461e-46dd-b511-f5b424008d0f,2025-01-26 02:54:57 UTC,2025-01-26 02:40:23 UTC,-79.648637732922225,44.357032547602586,-79.648602,44.356799,Walk,,Walk,,
b33a5468-461e-46dd-b511-f5b424008d0f,2025-01-26 02:55:14 UTC,2025-01-26 03:01:14 UTC,-79.648602,44.356799,-79.614698,44.361961,Barrie Transit,12,Transit,Big Bay Point / Yonge,Sovereign's Gate
1ac16cb0-7847-41fe-9a87-82337cf21512,2025-01-26 01:54:11 UTC,2025-01-26 01:56:22 UTC,-79.694960783422374,44.332776993710119,-79.695862,44.332985,Walk,,Walk,,
1ac16cb0-7847-41fe-9a87-82337cf21512,2025-01-26 01:56:22 UTC,2025-01-26 02:15:22 UTC,-79.695862,44.332985,-79.691023,44.387709,Barrie Transit,2,Transit,120 Mapleview Drive West,Downtown Barrie Terminal
c4e8b419-4e4b-46cb-bd68-352012c2ad67,2025-01-25 21:11:44 UTC,2025-01-25 21:20:00 UTC,-79.612668855230126,44.348942670395353,-79.61566,44.351071,Walk,,Walk,,
c4e8b419-4e4b-46cb-bd68-352012c2ad67,2025-01-25 21:20:00 UTC,2025-01-25 22:16:00 UTC,-79.61566,44.351071,-79.708128,44.410318,Barrie Transit,12,Transit,Royal Jubilee Drive,Bayfield / Livingstone
2af2ad09-b41d-49d1-8621-4137f5700f15,2025-01-25 20:52:14 UTC,2025-01-25 20:52:33 UTC,-79.693033465800454,44.381284795199512,-79.693728000000007,44.38146,Walk,,Walk,,
2af2ad09-b41d-49d1-8621-4137f5700f15,2025-01-25 20:54:00 UTC,2025-01-25 21:09:00 UTC,-79.693784,44.381459,-79.636524,44.35279700000001,Barrie Transit,8A,Transit,Victoria Street,Esther Drive
2af2ad09-b41d-49d1-8621-4137f5700f15,2025-01-25 21:09:00 UTC,2025-01-25 21:11:23 UTC,-79.636562,44.352744,-79.636370499827123,44.353436551149954,Walk,,Walk,,
9a0d1cf8-44a6-492b-ab7b-2a7fce5643e0,2025-01-25 20:26:46 UTC,2025-01-25 20:29:00 UTC,-79.636370499827123,44.353436551149954,-79.635902,44.352679,Walk,,Walk,,
9a0d1cf8-44a6-492b-ab7b-2a7fce5643e0,2025-01-25 20:29:00 UTC,2025-01-25 20:44:00 UTC,-79.63585,44.352752,-79.693613,44.381252,Barrie Transit,8B,Transit,Esther Drive,Victoria Street
9a0d1cf8-44a6-492b-ab7b-2a7fce5643e0,2025-01-25 20:44:00 UTC,2025-01-25 20:47:15 UTC,-79.693717,44.381248,-79.69288549535483,44.382184974812681,Walk,,Walk,,
ea746f0f-108e-4b78-aa1d-9e38cdb06038,2025-01-25 20:26:27 UTC,2025-01-25 20:12:17 UTC,-79.636370499827123,44.353436551149954,-79.635902,44.352679,Walk,,Walk,,
ea746f0f-108e-4b78-aa1d-9e38cdb06038,2025-01-25 20:28:41 UTC,2025-01-25 20:43:41 UTC,-79.63585,44.352752,-79.693613,44.381252,Barrie Transit,8B,Transit,Esther Drive,Victoria Street
ea746f0f-108e-4b78-aa1d-9e38cdb06038,2025-01-25 20:43:41 UTC,2025-01-25 20:46:56 UTC,-79.693717,44.381248,-79.69288549535483,44.382184974812681,Walk,,Walk,,
a906200a-80ad-498d-a738-985d4f053397,2025-01-25 12:51:00 UTC,2025-01-25 12:56:00 UTC,-79.617187160563674,44.362415998272766,-79.614491,44.362015,Walk,,Walk,,
a906200a-80ad-498d-a738-985d4f053397,2025-01-25 12:56:00 UTC,2025-01-25 13:27:00 UTC,-79.614491,44.362015,-79.692282,44.367897,Barrie Transit,12,Transit,Sovereign's Gate,Innisfil Street
ac118158-13e0-482e-8b7a-cebaeff1f18f,2025-01-25 12:32:39 UTC,2025-01-25 12:41:00 UTC,-79.660255490523127,44.349840254854875,-79.663855,44.347491,Walk,,Walk,,
ac118158-13e0-482e-8b7a-cebaeff1f18f,2025-01-25 12:41:00 UTC,2025-01-25 12:51:00 UTC,-79.66391800000001,44.347491,-79.62838600000002,44.35186199999999,Barrie Transit,8B,Transit,Huronia Medical Clinic,Barrie South GO Station
ac118158-13e0-482e-8b7a-cebaeff1f18f,2025-01-25 12:51:00 UTC,2025-01-25 12:55:20 UTC,-79.628372,44.351872000000007,-79.627367,44.351178,Walk,,Walk,,
ac118158-13e0-482e-8b7a-cebaeff1f18f,2025-01-25 13:09:00 UTC,2025-01-25 14:42:00 UTC,-79.627441,44.351123999999992,-79.380596,43.645194,GO Transit,BR,Transit,Barrie South,Union Station
ac118158-13e0-482e-8b7a-cebaeff1f18f,2025-01-25 14:42:00 UTC,2025-01-25 14:42:00 UTC,-79.380596,43.645194,-79.3808256163518,43.644666320116585,Walk,,Walk,,
f27e2a2c-fa2a-4d83-a3bc-10fc18278684,2025-01-25 13:08:55 UTC,2025-01-25 13:01:53 UTC,-79.627585604697458,44.351641183424952,-79.627441,44.351123999999992,Walk,,Walk,,
f27e2a2c-fa2a-4d83-a3bc-10fc18278684,2025-01-25 13:09:30 UTC,2025-01-25 14:42:30 UTC,-79.627441,44.351123999999992,-79.380596,43.645194,GO Transit,BR,Transit,Barrie South,Union Station
73e92e84-0095-4f1a-a674-9feafe47e3b1,2025-01-25 18:14:14 UTC,2025-01-25 17:56:54 UTC,-79.715519985568591,44.38218637981528,-79.715301,44.383349,Walk,,Walk,,
73e92e84-0095-4f1a-a674-9feafe47e3b1,2025-01-25 18:16:20 UTC,2025-01-25 18:48:00 UTC,-79.71526,44.383302,-79.66854,44.410462,Barrie Transit,11,Transit,Engel Crescent,Georgian College
73e92e84-0095-4f1a-a674-9feafe47e3b1,2025-01-25 18:48:00 UTC,2025-01-25 18:48:56 UTC,-79.668542,44.410445,-79.668150468664649,44.4100305339309,Walk,,Walk,,
a14902a6-20f5-4bb9-b081-138aec4c4a99,2025-01-25 18:14:18 UTC,2025-01-25 18:13:24 UTC,-79.715519985568591,44.38218637981528,-79.71526,44.383302,Walk,,Walk,,
a14902a6-20f5-4bb9-b081-138aec4c4a99,2025-01-25 18:16:20 UTC,2025-01-25 18:48:00 UTC,-79.71526,44.383302,-79.66854,44.410462,Barrie Transit,11,Transit,Engel Crescent,Georgian College
dd59d129-2b02-40b4-ac8c-f52a5fcd773c,2025-01-25 18:22:27 UTC,2025-01-25 18:13:08 UTC,-79.715519985568591,44.38218637981528,-79.715341,44.383392,Walk,,Walk,,
dd59d129-2b02-40b4-ac8c-f52a5fcd773c,2025-01-25 18:24:30 UTC,2025-01-25 18:55:30 UTC,-79.715341,44.383392,-79.668891,44.410381,Barrie Transit,10,Transit,Engel Crescent,Georgian College
e159556c-d0ef-46b6-a2ae-e8673a0ffbaf,2025-01-26 03:40:54 UTC,2025-01-26 03:41:44 UTC,-79.715519985568591,44.38218637981528,-79.715301,44.383349,Walk,,Walk,,
e159556c-d0ef-46b6-a2ae-e8673a0ffbaf,2025-01-26 03:43:00 UTC,2025-01-26 03:45:00 UTC,-79.71526,44.383302,-79.705997,44.384741,Barrie Transit,11,Transit,Engel Crescent,Anne Street
e159556c-d0ef-46b6-a2ae-e8673a0ffbaf,2025-01-26 03:45:00 UTC,2025-01-26 03:48:42 UTC,-79.706086,44.384784999999994,-79.705589052612225,44.3830846448704,Walk,,Walk,,
eb416463-2a94-4f21-9beb-c8e3170f7438,2025-01-26 03:40:54 UTC,2025-01-26 03:41:44 UTC,-79.715519985568591,44.38218637981528,-79.715301,44.383349,Walk,,Walk,,
eb416463-2a94-4f21-9beb-c8e3170f7438,2025-01-26 03:43:00 UTC,2025-01-26 03:45:00 UTC,-79.71526,44.383302,-79.705997,44.384741,Barrie Transit,11,Transit,Engel Crescent,Anne Street
eb416463-2a94-4f21-9beb-c8e3170f7438,2025-01-26 03:45:00 UTC,2025-01-26 03:48:42 UTC,-79.706086,44.384784999999994,-79.705589052612225,44.3830846448704,Walk,,Walk,,
fd1ae21b-fc7d-4f23-ba63-023cbb615f7e,2025-01-25 22:17:04 UTC,2025-01-25 21:59:15 UTC,-79.668150468664649,44.4100305339309,-79.668542,44.410445,Walk,,Walk,,
fd1ae21b-fc7d-4f23-ba63-023cbb615f7e,2025-01-25 22:18:00 UTC,2025-01-25 22:46:00 UTC,-79.66854,44.410462,-79.71526,44.383302,Barrie Transit,11,Transit,Georgian College,Engel Crescent
fd1ae21b-fc7d-4f23-ba63-023cbb615f7e,2025-01-25 22:46:00 UTC,2025-01-25 22:48:06 UTC,-79.715301,44.383349,-79.715519985568591,44.38218637981528,Walk,,Walk,,
097a0b47-7f95-44c1-9a7e-0555a98a740c,2025-01-25 16:02:06 UTC,2025-01-25 16:06:00 UTC,-79.731358783207526,44.39925030526085,-79.730443,44.397384,Walk,,Walk,,
097a0b47-7f95-44c1-9a7e-0555a98a740c,2025-01-25 16:06:00 UTC,2025-01-25 16:24:00 UTC,-79.730395,44.397323,-79.691023,44.387709,Barrie Transit,11,Transit,Longman Drive,Downtown Barrie Terminal
097a0b47-7f95-44c1-9a7e-0555a98a740c,2025-01-25 16:24:00 UTC,2025-01-25 16:25:00 UTC,-79.691023,44.387709,-79.691023,44.387709,Walk,,Walk,,
097a0b47-7f95-44c1-9a7e-0555a98a740c,2025-01-25 16:37:00 UTC,2025-01-25 17:09:00 UTC,-79.691023,44.387709,-79.648602,44.356799,Barrie Transit,12,Transit,Downtown Barrie Terminal,Big Bay Point / Yonge
097a0b47-7f95-44c1-9a7e-0555a98a740c,2025-01-25 17:09:00 UTC,2025-01-25 17:17:21 UTC,-79.648591,44.356771999999992,-79.651114587301379,44.36062168167394,Walk,,Walk,,
69687f89-5f17-483b-93eb-3ac74ef9cc84,2025-01-25 21:36:29 UTC,2025-01-25 21:30:11 UTC,-79.612182398402268,44.358827802543388,-79.612629,44.35876,Walk,,Walk,,
69687f89-5f17-483b-93eb-3ac74ef9cc84,2025-01-25 21:38:04 UTC,2025-01-25 21:43:04 UTC,-79.612629,44.35876,-79.62838600000002,44.35186199999999,Barrie Transit,12,Transit,Prince William Way / Sandringham,Barrie South GO Station
ef1fa819-9767-4a1d-ab02-debaf87ce9a8,2025-01-25 21:52:04 UTC,2025-01-25 21:36:11 UTC,-79.612317043421641,44.359722788872233,-79.61289,44.35983,Walk,,Walk,,
ef1fa819-9767-4a1d-ab02-debaf87ce9a8,2025-01-25 21:53:00 UTC,2025-01-25 22:47:00 UTC,-79.61289,44.35983,-79.708578,44.411874,Barrie Transit,12,Transit,Prince William Way / Empire,Georgian Mall
9b11407f-9d6a-4a5b-a81b-c731ed4f6b59,2025-01-25 15:05:13 UTC,2025-01-25 14:58:39 UTC,-79.633718728180824,44.352542897710961,-79.636524,44.35279700000001,Walk,,Walk,,
9b11407f-9d6a-4a5b-a81b-c731ed4f6b59,2025-01-25 15:09:46 UTC,2025-01-25 16:44:00 UTC,-79.636524,44.35279700000001,-79.669134,44.412089000000009,Barrie Transit,8A,Transit,Esther Drive,Georgian College
e88a901d-1da1-435d-b9ba-7bae1b351a8a,2025-01-25 23:46:26 UTC,2025-01-25 23:43:41 UTC,-79.696303727245947,44.396552072528507,-79.696239,44.396594,Walk,,Walk,,
e88a901d-1da1-435d-b9ba-7bae1b351a8a,2025-01-25 23:46:26 UTC,2025-01-25 23:52:26 UTC,-79.696239,44.396594,-79.67363,44.406963,Barrie Transit,7,Transit,Grove Street,Grove / Duckworth
e88a901d-1da1-435d-b9ba-7bae1b351a8a,2025-01-25 23:52:26 UTC,2025-01-25 23:58:53 UTC,-79.673632,44.406952000000004,-79.671790209891043,44.409128359449156,Walk,,Walk,,
6cedf940-ac92-4c17-9fb9-2b218f8ed668,2025-01-25 16:06:09 UTC,2025-01-25 15:58:30 UTC,-79.690345351410542,44.387572409546344,-79.690638,44.387881,Walk,,Walk,,
6cedf940-ac92-4c17-9fb9-2b218f8ed668,2025-01-25 16:07:00 UTC,2025-01-25 16:28:00 UTC,-79.691023,44.387709,-79.678712,44.335899,Barrie Transit,12,Transit,Downtown Barrie Terminal,Bayview / Mapleview
6cedf940-ac92-4c17-9fb9-2b218f8ed668,2025-01-25 16:28:00 UTC,2025-01-25 16:30:55 UTC,-79.678715,44.336015999999994,-79.678343136741958,44.336371022821154,Walk,,Walk,,
5bedb183-7922-43ec-a909-70cdca2ea401,2025-01-25 21:00:00 UTC,2025-01-25 21:03:00 UTC,-79.651813033093575,44.408232450658893,-79.654643,44.408307,Walk,,Walk,,
5bedb183-7922-43ec-a909-70cdca2ea401,2025-01-25 21:03:00 UTC,2025-01-25 21:43:00 UTC,-79.654592,44.408303,-79.704324,44.347096,Barrie Transit,8B,Transit,Hickling Trail,Essa / Veteran's
5bedb183-7922-43ec-a909-70cdca2ea401,2025-01-25 21:43:00 UTC,2025-01-25 21:44:34 UTC,-79.70436,44.347106,-79.703127112087415,44.347152638204953,Walk,,Walk,,
e4ad0ff9-1096-4ac9-b8d3-a0d5492729c8,2025-01-25 20:58:59 UTC,2025-01-25 21:01:59 UTC,-79.651813033093575,44.408232450658893,-79.654643,44.408307,Walk,,Walk,,
e4ad0ff9-1096-4ac9-b8d3-a0d5492729c8,2025-01-25 21:01:59 UTC,2025-01-25 21:41:59 UTC,-79.654592,44.408303,-79.704324,44.347096,Barrie Transit,8B,Transit,Hickling Trail,Essa / Veteran's
e4ad0ff9-1096-4ac9-b8d3-a0d5492729c8,2025-01-25 21:41:59 UTC,2025-01-25 21:43:33 UTC,-79.70436,44.347106,-79.703127112087415,44.347152638204953,Walk,,Walk,,
c3ca2076-4cc9-4cbb-9f09-8b2b210edf95,2025-01-26 01:30:23 UTC,2025-01-26 00:40:59 UTC,-79.687273260416191,44.335469031661304,-79.687163,44.334966,Walk,,Walk,,
c3ca2076-4cc9-4cbb-9f09-8b2b210edf95,2025-01-26 01:33:00 UTC,2025-01-26 01:56:00 UTC,-79.687174,44.334991,-79.714019,44.354965,Barrie Transit,7,Transit,Barrie View Drive,Ardagh / Ferndale
c3ca2076-4cc9-4cbb-9f09-8b2b210edf95,2025-01-26 01:56:00 UTC,2025-01-26 02:03:49 UTC,-79.714049,44.355029,-79.712700927592635,44.357028365041572,Walk,,Walk,,
3183a7ea-7963-4275-8d45-993fdd554d59,2025-01-25 16:33:01 UTC,2025-01-25 16:35:19 UTC,-79.6521372482861,44.401045715402866,-79.651896,44.400503,Walk,,Walk,,
3183a7ea-7963-4275-8d45-993fdd554d59,2025-01-25 16:35:19 UTC,2025-01-25 16:46:19 UTC,-79.651921,44.400506,-79.687696,44.390479000000006,Barrie Transit,8B,Transit,Steel / Blake,Owen Street
3183a7ea-7963-4275-8d45-993fdd554d59,2025-01-25 16:46:19 UTC,2025-01-25 16:49:10 UTC,-79.687695000000019,44.390468,-79.6876683658986,44.392064910627205,Walk,,Walk,,
ef076fac-f6a2-47a0-bf9e-0c266f567249,2025-01-25 16:31:58 UTC,2025-01-25 16:24:14 UTC,-79.6521372482861,44.401045715402866,-79.651696000000015,44.400740000000006,Walk,,Walk,,
ef076fac-f6a2-47a0-bf9e-0c266f567249,2025-01-25 16:33:38 UTC,2025-01-25 17:16:00 UTC,-79.651696000000015,44.400740000000006,-79.691023,44.387709,Barrie Transit,8A,Transit,Steel Street,Downtown Barrie Terminal
1f2a428b-2420-48aa-84e8-07747104a62a,2025-01-25 19:06:23 UTC,2025-01-25 18:52:54 UTC,-79.675413099855177,44.411825103147315,-79.675785,44.410748,Walk,,Walk,,
1f2a428b-2420-48aa-84e8-07747104a62a,2025-01-25 19:09:17 UTC,2025-01-25 19:12:17 UTC,-79.675807,44.410776,-79.669134,44.412089000000009,Barrie Transit,100,Transit,115 Bell Farm,Georgian College
1f2a428b-2420-48aa-84e8-07747104a62a,2025-01-25 19:12:17 UTC,2025-01-25 19:13:17 UTC,-79.669134,44.412089000000009,-79.669134,44.412089000000009,Walk,,Walk,,
1f2a428b-2420-48aa-84e8-07747104a62a,2025-01-25 19:25:00 UTC,2025-01-25 19:46:00 UTC,-79.669134,44.412089000000009,-79.680276,44.340279,Barrie Transit,400,Transit,Georgian College,Park Place
1f2a428b-2420-48aa-84e8-07747104a62a,2025-01-25 19:46:00 UTC,2025-01-25 19:52:13 UTC,-79.680282,44.34027900000001,-79.6797275167865,44.337269353719066,Walk,,Walk,,
4b21a3be-12b7-45d1-9ddc-918392b0711d,2025-01-25 18:42:23 UTC,2025-01-25 18:45:17 UTC,-79.675413099855177,44.411825103147315,-79.675785,44.410748,Walk,,Walk,,
4b21a3be-12b7-45d1-9ddc-918392b0711d,2025-01-25 18:45:17 UTC,2025-01-25 18:48:17 UTC,-79.675807,44.410776,-79.669134,44.412089000000009,Barrie Transit,100,Transit,115 Bell Farm,Georgian College
4b21a3be-12b7-45d1-9ddc-918392b0711d,2025-01-25 18:48:17 UTC,2025-01-25 18:49:17 UTC,-79.669134,44.412089000000009,-79.669134,44.412089000000009,Walk,,Walk,,
4b21a3be-12b7-45d1-9ddc-918392b0711d,2025-01-25 18:55:00 UTC,2025-01-25 19:16:00 UTC,-79.669134,44.412089000000009,-79.680276,44.340279,Barrie Transit,400,Transit,Georgian College,Park Place
4b21a3be-12b7-45d1-9ddc-918392b0711d,2025-01-25 19:16:00 UTC,2025-01-25 19:22:13 UTC,-79.680282,44.34027900000001,-79.6797275167865,44.337269353719066,Walk,,Walk,,
9f57610e-02af-4a1d-a1ae-97cee124e159,2025-01-25 21:13:50 UTC,2025-01-25 21:20:00 UTC,-79.6808454490683,44.336369813778873,-79.680282,44.34027900000001,Walk,,Walk,,
9f57610e-02af-4a1d-a1ae-97cee124e159,2025-01-25 21:20:00 UTC,2025-01-25 21:42:00 UTC,-79.680276,44.340279,-79.668495,44.414463999999995,Barrie Transit,400,Transit,Park Place,Georgian / Govenors
9f57610e-02af-4a1d-a1ae-97cee124e159,2025-01-25 21:42:00 UTC,2025-01-25 21:54:42 UTC,-79.668516,44.414502,-79.675413099855177,44.411825103147315,Walk,,Walk,,
d85ebd58-a583-4c4e-92a8-f4267eb67e5a,2025-01-25 21:13:49 UTC,2025-01-25 21:20:00 UTC,-79.6797275167865,44.337269353719066,-79.680282,44.34027900000001,Walk,,Walk,,
d85ebd58-a583-4c4e-92a8-f4267eb67e5a,2025-01-25 21:20:00 UTC,2025-01-25 21:42:00 UTC,-79.680276,44.340279,-79.668495,44.414463999999995,Barrie Transit,400,Transit,Park Place,Georgian / Govenors
d85ebd58-a583-4c4e-92a8-f4267eb67e5a,2025-01-25 21:42:00 UTC,2025-01-25 21:54:42 UTC,-79.668516,44.414502,-79.675413099855177,44.411825103147315,Walk,,Walk,,
0b770fc2-e6db-4d2a-a90a-da7cac33f0eb,2025-01-26 02:15:00 UTC,2025-01-26 03:46:00 UTC,-79.691023,44.387709,-79.691023,44.387709,Barrie Transit,101,Transit,Downtown Barrie Terminal,Downtown Barrie Terminal
0b770fc2-e6db-4d2a-a90a-da7cac33f0eb,2025-01-26 03:01:19 UTC,2025-01-26 02:13:43 UTC,-79.691605,44.387573,-79.691026541437267,44.387707366200871,Walk,,Walk,,
22ff7aeb-6ddd-4957-a23c-405445feee97,2025-01-26 02:06:00 UTC,2025-01-26 02:29:24 UTC,-79.691023,44.387709,-79.669134,44.412089000000009,Barrie Transit,100,Transit,Downtown Barrie Terminal,Georgian College
22ff7aeb-6ddd-4957-a23c-405445feee97,2025-01-26 02:11:06 UTC,2025-01-26 02:06:24 UTC,-79.691605,44.387573,-79.690638,44.387881,Walk,,Walk,,
22ff7aeb-6ddd-4957-a23c-405445feee97,2025-01-26 02:29:24 UTC,2025-01-26 02:29:24 UTC,-79.669134,44.412089000000009,-79.669414402192,44.410033263581724,Walk,,Walk,,
24601348-958c-42cd-8f8d-da33d14d9224,2025-01-26 03:02:55 UTC,2025-01-26 02:15:35 UTC,-79.690345351410542,44.387572409546344,-79.691023,44.387709,Walk,,Walk,,
24601348-958c-42cd-8f8d-da33d14d9224,2025-01-26 03:05:00 UTC,2025-01-26 03:46:00 UTC,-79.691023,44.387709,-79.691023,44.387709,Barrie Transit,101,Transit,Downtown Barrie Terminal,Downtown Barrie Terminal
206a28c3-29e0-4b81-aa05-0309f3259093,2025-01-25 22:52:50 UTC,2025-01-25 23:00:17 UTC,-79.693478,44.377205,-79.704324,44.347096,Barrie Transit,8B,Transit,Brock Street,Essa / Veteran's
206a28c3-29e0-4b81-aa05-0309f3259093,2025-01-25 22:59:09 UTC,2025-01-25 22:51:12 UTC,-79.693198,44.376794,-79.693393,44.377234,Walk,,Walk,,
206a28c3-29e0-4b81-aa05-0309f3259093,2025-01-25 23:00:17 UTC,2025-01-25 23:03:54 UTC,-79.70436,44.347106,-79.702012632740249,44.346250389716992,Walk,,Walk,,
31f0fa1f-2056-4ce2-9944-39011f4f12ff,2025-01-25 22:13:03 UTC,2025-01-25 22:36:19 UTC,-79.673262925764234,44.370501893010129,-79.69105,44.373391999999996,Walk,,Walk,,
31f0fa1f-2056-4ce2-9944-39011f4f12ff,2025-01-25 22:36:19 UTC,2025-01-26 00:30:00 UTC,-79.69105,44.373391999999996,-79.680276,44.340279,Barrie Transit,8A,Transit,Essa / Allandale GO Station,Park Place
46585ea9-ce19-4e6b-b2c6-e29e8ea3b80e,2025-01-25 23:05:38 UTC,2025-01-25 23:47:00 UTC,-79.71669,44.395965,-79.691023,44.387709,Barrie Transit,8B,Transit,École catholique,Downtown Barrie Terminal
46585ea9-ce19-4e6b-b2c6-e29e8ea3b80e,2025-01-25 23:33:16 UTC,2025-01-25 23:05:21 UTC,-79.716423,44.396556000000004,-79.71668657956512,44.395962296834675,Walk,,Walk,,
527b4828-e07c-4f3f-b9d4-bb501e12c176,2025-01-25 23:33:03 UTC,2025-01-25 23:25:34 UTC,-79.6805946116559,44.40913393224924,-79.689333,44.411838,Walk,,Walk,,
527b4828-e07c-4f3f-b9d4-bb501e12c176,2025-01-25 23:40:31 UTC,2025-01-26 00:36:43 UTC,-79.689333,44.411838,-79.680276,44.340279,Barrie Transit,8B,Transit,Robin Court,Park Place
7c238b86-aaa2-498a-a203-636fad7d7b37,2025-01-25 23:03:04 UTC,2025-01-26 00:58:10 UTC,-79.698065,44.390757999999991,-79.669134,44.412089000000009,Barrie Transit,8A,Transit,Victoria Village,Georgian College
7c238b86-aaa2-498a-a203-636fad7d7b37,2025-01-25 23:09:02 UTC,2025-01-25 22:58:10 UTC,-79.69885,44.391167,-79.698063257900074,44.3907616884319,Walk,,Walk,,
0efa4f1a-bd09-43fb-8d97-9d379621b8cb,2025-01-25 22:05:19 UTC,2025-01-25 22:03:01 UTC,-79.682341025592862,44.3956562012753,-79.681616,44.396614,Walk,,Walk,,
0efa4f1a-bd09-43fb-8d97-9d379621b8cb,2025-01-25 22:06:47 UTC,2025-01-25 22:25:47 UTC,-79.681634,44.396630000000009,-79.706492,44.410659,Barrie Transit,11,Transit,Dundonald Street,Georgian Mall
0efa4f1a-bd09-43fb-8d97-9d379621b8cb,2025-01-25 22:25:47 UTC,2025-01-25 22:25:47 UTC,-79.706492,44.410659,-79.706993773652712,44.410926380360124,Walk,,Walk,,
f622704d-63ec-4c32-9765-7c80647d4fc5,2025-01-26 02:47:54 UTC,2025-01-26 02:45:04 UTC,-79.7044739528817,44.410929218903114,-79.705101,44.411085,Walk,,Walk,,
f622704d-63ec-4c32-9765-7c80647d4fc5,2025-01-26 02:48:00 UTC,2025-01-26 03:08:00 UTC,-79.705107,44.411091,-79.684584,44.394984,Barrie Transit,10,Transit,Georgian Mall,Penetang / Berczy
f622704d-63ec-4c32-9765-7c80647d4fc5,2025-01-26 03:08:00 UTC,2025-01-26 03:11:21 UTC,-79.684597,44.394995,-79.682341025592862,44.3956562012753,Walk,,Walk,,
5385a3c1-8804-4eb8-ac3a-6532bcbb23e9,2025-01-25 20:09:34 UTC,2025-01-25 22:23:00 UTC,-79.651921,44.400506,-79.669134,44.412089000000009,Barrie Transit,8B,Transit,Steel / Blake,Georgian College
5385a3c1-8804-4eb8-ac3a-6532bcbb23e9,2025-01-25 20:35:04 UTC,2025-01-25 20:09:29 UTC,-79.650747,44.40015,-79.651918016610438,44.400504250747233,Walk,,Walk,,
1f6ba333-7f3f-4107-aafa-b5742988f5a9,2025-01-25 18:45:15 UTC,2025-01-25 18:24:16 UTC,-79.690345351410542,44.387572409546344,-79.690638,44.387881,Walk,,Walk,,
1f6ba333-7f3f-4107-aafa-b5742988f5a9,2025-01-25 18:46:00 UTC,2025-01-25 19:01:00 UTC,-79.691023,44.387709,-79.721897,44.353427000000011,Barrie Transit,7,Transit,Downtown Barrie Terminal,Hawkins Drive
1f6ba333-7f3f-4107-aafa-b5742988f5a9,2025-01-25 19:01:00 UTC,2025-01-25 19:06:19 UTC,-79.721873,44.353369999999991,-79.724300958811952,44.355236275997129,Walk,,Walk,,
ccbbbac0-c947-492d-a991-9dec3efb2a2c,2025-01-25 19:03:47 UTC,2025-01-25 18:48:59 UTC,-79.686171299288688,44.332772342036186,-79.688687,44.334571,Walk,,Walk,,
ccbbbac0-c947-492d-a991-9dec3efb2a2c,2025-01-25 19:08:00 UTC,2025-01-25 19:29:00 UTC,-79.688685,44.334568,-79.700052,44.351142,Barrie Transit,8A,Transit,Barrie View Drive,Beacon Road
ccbbbac0-c947-492d-a991-9dec3efb2a2c,2025-01-25 19:29:00 UTC,2025-01-25 19:30:28 UTC,-79.700062,44.351145,-79.700588124674226,44.350744658429889,Walk,,Walk,,
effee33d-eb45-49e6-b939-9abdfca37494,2025-01-25 19:06:59 UTC,2025-01-25 18:50:04 UTC,-79.688669608933523,44.334572827283417,-79.688685,44.334568,Walk,,Walk,,
effee33d-eb45-49e6-b939-9abdfca37494,2025-01-25 19:08:00 UTC,2025-01-25 19:46:00 UTC,-79.688685,44.334568,-79.691023,44.387709,Barrie Transit,8A,Transit,Barrie View Drive,Downtown Barrie Terminal
6959b67d-9741-4a6a-81d7-686525fc99f3,2025-01-25 15:11:25 UTC,2025-01-25 14:56:37 UTC,-79.713345379482448,44.340859725507343,-79.713605000000015,44.340620000000008,Walk,,Walk,,
6959b67d-9741-4a6a-81d7-686525fc99f3,2025-01-25 15:12:56 UTC,2025-01-25 16:53:00 UTC,-79.713605000000015,44.340620000000008,-79.669134,44.412089000000009,Barrie Transit,8B,Transit,Emms Drive,Georgian College
45e39d90-09d7-4963-adca-16782b7309fb,2025-01-26 01:36:45 UTC,2025-01-26 01:38:00 UTC,-79.680829207334085,44.339966231075273,-79.680282,44.34027900000001,Walk,,Walk,,
45e39d90-09d7-4963-adca-16782b7309fb,2025-01-26 01:38:00 UTC,2025-01-26 01:47:00 UTC,-79.680276,44.340279,-79.659394,44.354389,Barrie Transit,12,Transit,Park Place,Loon Avenue
45e39d90-09d7-4963-adca-16782b7309fb,2025-01-26 01:47:00 UTC,2025-01-26 01:53:43 UTC,-79.659387,44.354372,-79.65617501914123,44.3570286614966,Walk,,Walk,,
fc686869-7069-48c9-9b89-75bb18560ef1,2025-01-25 16:35:53 UTC,2025-01-25 16:42:00 UTC,-79.65617501914123,44.3570286614966,-79.658853,44.354603,Walk,,Walk,,
fc686869-7069-48c9-9b89-75bb18560ef1,2025-01-25 16:42:00 UTC,2025-01-25 16:53:00 UTC,-79.658891,44.354686,-79.680276,44.340279,Barrie Transit,12,Transit,Leggott Avenue,Park Place
fc686869-7069-48c9-9b89-75bb18560ef1,2025-01-25 16:53:00 UTC,2025-01-25 16:54:33 UTC,-79.680282,44.34027900000001,-79.680829207334085,44.339966231075273,Walk,,Walk,,
cec25b7d-00bd-4a11-be54-8b990c0c4123,2025-01-25 13:19:34 UTC,2025-01-25 13:33:00 UTC,-79.648954057251544,44.349842038162933,-79.648993,44.356917,Walk,,Walk,,
cec25b7d-00bd-4a11-be54-8b990c0c4123,2025-01-25 13:33:00 UTC,2025-01-25 14:13:00 UTC,-79.648989,44.356907,-79.70329,44.404661,Barrie Transit,12,Transit,Yonge and Big Bay Point,Bayfield / Cundles
cec25b7d-00bd-4a11-be54-8b990c0c4123,2025-01-25 14:13:00 UTC,2025-01-25 14:13:47 UTC,-79.703291,44.40466,-79.703391655287163,44.404639294308545,Walk,,Walk,,
1d9a48f8-dd43-4af2-888d-07d9357e6463,2025-01-25 17:23:56 UTC,2025-01-25 17:31:00 UTC,-79.669283053060809,44.407334683034307,-79.674372,44.407436,Walk,,Walk,,
1d9a48f8-dd43-4af2-888d-07d9357e6463,2025-01-25 17:31:00 UTC,2025-01-25 17:41:00 UTC,-79.67431400000001,44.407431,-79.692534,44.390191,Barrie Transit,7,Transit,Duckworth / Grove,Maple / Ross
1d9a48f8-dd43-4af2-888d-07d9357e6463,2025-01-25 17:41:00 UTC,2025-01-25 17:43:42 UTC,-79.69255,44.390184,-79.692715897231977,44.388470135144,Walk,,Walk,,
3c8f0349-d351-44ed-8454-4f17a1b95df2,2025-01-25 22:41:40 UTC,2025-01-25 22:58:32 UTC,-79.687282,44.325323,-79.722257,44.353202,Barrie Transit,7,Transit,Commerce Park Drive,Eaglestone Lane
3c8f0349-d351-44ed-8454-4f17a1b95df2,2025-01-25 22:58:32 UTC,2025-01-25 23:03:32 UTC,-79.722252,44.353193,-79.721805,44.351641000000008,Walk,,Walk,,
3c8f0349-d351-44ed-8454-4f17a1b95df2,2025-01-25 23:04:52 UTC,2025-01-25 22:40:32 UTC,-79.687611000000018,44.324691,-79.687194118796342,44.325344454783576,Walk,,Walk,,
8191c4fb-18a9-4400-a1b6-f48010f8ca84,2025-01-25 22:31:13 UTC,2025-01-25 22:33:00 UTC,-79.688669608933523,44.334572827283417,-79.687163,44.334966,Walk,,Walk,,
8191c4fb-18a9-4400-a1b6-f48010f8ca84,2025-01-25 22:33:00 UTC,2025-01-25 22:54:00 UTC,-79.687174,44.334991,-79.722257,44.353202,Barrie Transit,7,Transit,Barrie View Drive,Eaglestone Lane
8191c4fb-18a9-4400-a1b6-f48010f8ca84,2025-01-25 22:54:00 UTC,2025-01-25 22:59:00 UTC,-79.722252,44.353193,-79.721810655213275,44.351641512117837,Walk,,Walk,,
dc41fcba-441f-432c-9818-c5b6493ee294,2025-01-25 18:55:27 UTC,2025-01-25 19:00:43 UTC,-79.721810655213275,44.351641512117837,-79.721873,44.353369999999991,Walk,,Walk,,
dc41fcba-441f-432c-9818-c5b6493ee294,2025-01-25 19:00:43 UTC,2025-01-25 19:13:43 UTC,-79.721897,44.353427000000011,-79.704297,44.33089,Barrie Transit,7,Transit,Hawkins Drive,Reid Drive
dc41fcba-441f-432c-9818-c5b6493ee294,2025-01-25 19:13:43 UTC,2025-01-25 19:18:29 UTC,-79.704284,44.330861,-79.702647358918583,44.330084524897842,Walk,,Walk,,
5b36202d-7448-4423-9452-5d0a87809ac6,2025-01-25 17:12:52 UTC,2025-01-25 17:21:41 UTC,-79.6926889007704,44.393863884971353,-79.690163,44.390299,Walk,,Walk,,
5b36202d-7448-4423-9452-5d0a87809ac6,2025-01-25 17:21:41 UTC,2025-01-25 17:30:41 UTC,-79.690205,44.390299,-79.650869,44.399391000000008,Barrie Transit,8A,Transit,Clapperton Street,429 Blake Street
5b36202d-7448-4423-9452-5d0a87809ac6,2025-01-25 17:30:41 UTC,2025-01-25 17:33:04 UTC,-79.650904,44.399439,-79.652150541272576,44.399250114989954,Walk,,Walk,,
af2bca0a-e836-4f16-96fe-88a055af77de,2025-01-25 17:18:55 UTC,2025-01-25 17:31:00 UTC,-79.699621833113156,44.404638660035154,-79.707392,44.403416,Walk,,Walk,,
af2bca0a-e836-4f16-96fe-88a055af77de,2025-01-25 17:31:00 UTC,2025-01-25 18:00:00 UTC,-79.707445,44.403474,-79.669359,44.370046,Barrie Transit,8A,Transit,Coulter Street,Yonge / Huronia
af2bca0a-e836-4f16-96fe-88a055af77de,2025-01-25 18:00:00 UTC,2025-01-25 18:06:53 UTC,-79.669373,44.370009,-79.668080009825246,44.373200120796142,Walk,,Walk,,
dee5beda-f844-4074-ae67-0952bb618eb6,2025-01-26 03:33:37 UTC,2025-01-26 03:40:27 UTC,-79.668080009825246,44.373200120796142,-79.669685,44.370346999999995,Walk,,Walk,,
dee5beda-f844-4074-ae67-0952bb618eb6,2025-01-26 03:40:27 UTC,2025-01-26 03:45:27 UTC,-79.6697,44.370307,-79.69105,44.373391999999996,Barrie Transit,8B,Transit,Yonge / Huronia,Essa / Allandale GO Station
dee5beda-f844-4074-ae67-0952bb618eb6,2025-01-26 03:45:27 UTC,2025-01-26 03:46:27 UTC,-79.69105,44.373391999999996,-79.69105,44.373391999999996,Walk,,Walk,,
dee5beda-f844-4074-ae67-0952bb618eb6,2025-01-26 04:11:00 UTC,2025-01-26 04:27:00 UTC,-79.69105,44.373391999999996,-79.70329,44.404661,Barrie Transit,12,Transit,Essa / Allandale GO Station,Bayfield / Cundles
dee5beda-f844-4074-ae67-0952bb618eb6,2025-01-26 04:27:00 UTC,2025-01-26 04:34:45 UTC,-79.703291,44.40466,-79.699621833113156,44.404638660035154,Walk,,Walk,,
ff56ff68-dc01-4c2a-acfc-130753a490cd,2025-01-25 17:48:55 UTC,2025-01-25 18:01:00 UTC,-79.699621833113156,44.404638660035154,-79.707392,44.403416,Walk,,Walk,,
ff56ff68-dc01-4c2a-acfc-130753a490cd,2025-01-25 18:01:00 UTC,2025-01-25 18:30:00 UTC,-79.707445,44.403474,-79.669359,44.370046,Barrie Transit,8A,Transit,Coulter Street,Yonge / Huronia
ff56ff68-dc01-4c2a-acfc-130753a490cd,2025-01-25 18:30:00 UTC,2025-01-25 18:36:53 UTC,-79.669373,44.370009,-79.668080009825246,44.373200120796142,Walk,,Walk,,
3a0eb187-63bd-4123-b3b7-87b0ec0fc9b7,2025-01-25 21:51:55 UTC,2025-01-25 21:58:00 UTC,-79.709497204399483,44.4127277629012,-79.706487,44.410655,Walk,,Walk,,
3a0eb187-63bd-4123-b3b7-87b0ec0fc9b7,2025-01-25 21:58:00 UTC,2025-01-25 22:16:00 UTC,-79.706492,44.410659,-79.718201,44.382691,Barrie Transit,11,Transit,Georgian Mall,Edgehill / Fox Run
3a0eb187-63bd-4123-b3b7-87b0ec0fc9b7,2025-01-25 22:16:00 UTC,2025-01-25 22:18:36 UTC,-79.718243,44.382795,-79.718027516767435,44.383978586120151,Walk,,Walk,,
45145d00-240a-4e95-94ee-8cd69b35a7e1,2025-01-25 13:17:16 UTC,2025-01-25 13:19:00 UTC,-79.718027516767435,44.383978586120151,-79.71935,44.38338000000001,Walk,,Walk,,
45145d00-240a-4e95-94ee-8cd69b35a7e1,2025-01-25 13:19:00 UTC,2025-01-25 13:37:00 UTC,-79.719334,44.383428,-79.708173,44.409714999999991,Barrie Transit,10,Transit,Eden Drive,Livingstone / Bayfield
45145d00-240a-4e95-94ee-8cd69b35a7e1,2025-01-25 13:37:00 UTC,2025-01-25 13:45:27 UTC,-79.708175,44.409714000000008,-79.709354829001413,44.413619757385668,Walk,,Walk,,
bb251bb5-3273-4663-8f9c-b0751d274b8b,2025-01-25 13:19:13 UTC,2025-01-25 13:20:57 UTC,-79.718027516767435,44.383978586120151,-79.71935,44.38338000000001,Walk,,Walk,,
bb251bb5-3273-4663-8f9c-b0751d274b8b,2025-01-25 13:20:57 UTC,2025-01-25 13:38:57 UTC,-79.719334,44.383428,-79.708173,44.409714999999991,Barrie Transit,10,Transit,Eden Drive,Livingstone / Bayfield
bb251bb5-3273-4663-8f9c-b0751d274b8b,2025-01-25 13:38:57 UTC,2025-01-25 13:47:24 UTC,-79.708175,44.409714000000008,-79.709354829001413,44.413619757385668,Walk,,Walk,,
d7f62dd8-5b81-4af7-93ce-24b6739cc527,2025-01-25 21:58:26 UTC,2025-01-25 21:41:07 UTC,-79.706993773652712,44.410926380360124,-79.706487,44.410655,Walk,,Walk,,
d7f62dd8-5b81-4af7-93ce-24b6739cc527,2025-01-25 22:00:09 UTC,2025-01-25 22:18:09 UTC,-79.706492,44.410659,-79.718201,44.382691,Barrie Transit,11,Transit,Georgian Mall,Edgehill / Fox Run
d7f62dd8-5b81-4af7-93ce-24b6739cc527,2025-01-25 22:18:09 UTC,2025-01-25 22:20:45 UTC,-79.718243,44.382795,-79.718027516767435,44.383978586120151,Walk,,Walk,,
6a9254ef-c3b7-438c-b623-01248197f0bd,2025-01-25 20:02:57 UTC,2025-01-25 20:09:47 UTC,-79.699764372991723,44.403746756014272,-79.70329,44.404661,Walk,,Walk,,
6a9254ef-c3b7-438c-b623-01248197f0bd,2025-01-25 20:09:47 UTC,2025-01-25 20:25:47 UTC,-79.70329,44.404661,-79.669134,44.412089000000009,Barrie Transit,100,Transit,Bayfield / Cundles,Georgian College
cae64e7a-9b16-459e-a315-f0d9666cb6f6,2025-01-25 20:03:08 UTC,2025-01-25 20:10:00 UTC,-79.699764372991723,44.403746756014272,-79.70329,44.404661,Walk,,Walk,,
cae64e7a-9b16-459e-a315-f0d9666cb6f6,2025-01-25 20:10:00 UTC,2025-01-25 20:26:00 UTC,-79.70329,44.404661,-79.669134,44.412089000000009,Barrie Transit,100,Transit,Bayfield / Cundles,Georgian College
7b584f22-6cf0-467a-87c0-a78b371fc10a,2025-01-25 13:48:36 UTC,2025-01-25 13:56:00 UTC,-79.6942439273711,44.417217504708951,-79.696149,44.41824299999999,Walk,,Walk,,
7b584f22-6cf0-467a-87c0-a78b371fc10a,2025-01-25 13:56:00 UTC,2025-01-25 14:11:00 UTC,-79.696131,44.418223000000005,-79.705997,44.384741,Barrie Transit,8A,Transit,Margaret Drive,Anne Street
7b584f22-6cf0-467a-87c0-a78b371fc10a,2025-01-25 14:11:00 UTC,2025-01-25 14:16:58 UTC,-79.706086,44.384784999999994,-79.706503000000012,44.382059000000005,Walk,,Walk,,
7b584f22-6cf0-467a-87c0-a78b371fc10a,2025-01-25 14:22:00 UTC,2025-01-25 14:39:00 UTC,-79.706545,44.382106,-79.687966,44.334496,Barrie Transit,2,Transit,Hart Drive,Barrie View Drive
7b584f22-6cf0-467a-87c0-a78b371fc10a,2025-01-25 14:39:00 UTC,2025-01-25 14:46:05 UTC,-79.687979,44.334527,-79.6883753522103,44.3381657824096,Walk,,Walk,,
9fec0d28-8f32-4ef5-9daa-93ceec9b51ee,2025-01-25 23:13:08 UTC,2025-01-25 23:22:08 UTC,-79.708173,44.409714999999991,-79.675807,44.410776,Barrie Transit,8B,Transit,Livingstone / Bayfield,115 Bell Farm
9fec0d28-8f32-4ef5-9daa-93ceec9b51ee,2025-01-25 23:22:08 UTC,2025-01-25 23:24:18 UTC,-79.675785,44.410748,-79.673902,44.410013,Walk,,Walk,,
9fec0d28-8f32-4ef5-9daa-93ceec9b51ee,2025-01-25 23:30:00 UTC,2025-01-26 00:02:00 UTC,-79.673891,44.410012000000009,-79.726987,44.352312,Barrie Transit,7,Transit,Duckworth / Rose,Wright Drive
9fec0d28-8f32-4ef5-9daa-93ceec9b51ee,2025-01-25 23:40:58 UTC,2025-01-25 23:12:44 UTC,-79.708393,44.410031000000004,-79.708175,44.409714000000008,Walk,,Walk,,
9fec0d28-8f32-4ef5-9daa-93ceec9b51ee,2025-01-26 00:02:00 UTC,2025-01-26 00:08:47 UTC,-79.72696,44.35225,-79.726817649298212,44.355233042919579,Walk,,Walk,,
ce94ab47-3b1a-4dcf-932a-ccfa4ad6ee80,2025-01-25 23:41:20 UTC,2025-01-25 23:16:21 UTC,-79.708392046808967,44.410029230169883,-79.708175,44.409714000000008,Walk,,Walk,,
ce94ab47-3b1a-4dcf-932a-ccfa4ad6ee80,2025-01-25 23:42:23 UTC,2025-01-25 23:51:23 UTC,-79.708173,44.409714999999991,-79.675807,44.410776,Barrie Transit,8B,Transit,Livingstone / Bayfield,115 Bell Farm
ce94ab47-3b1a-4dcf-932a-ccfa4ad6ee80,2025-01-25 23:51:23 UTC,2025-01-25 23:53:33 UTC,-79.675785,44.410748,-79.673902,44.410013,Walk,,Walk,,
ce94ab47-3b1a-4dcf-932a-ccfa4ad6ee80,2025-01-26 00:00:00 UTC,2025-01-26 00:32:00 UTC,-79.673891,44.410012000000009,-79.726987,44.352312,Barrie Transit,7,Transit,Duckworth / Rose,Wright Drive
ce94ab47-3b1a-4dcf-932a-ccfa4ad6ee80,2025-01-26 00:32:00 UTC,2025-01-26 00:38:47 UTC,-79.72696,44.35225,-79.726817649298212,44.355233042919579,Walk,,Walk,,
6fa0d04b-f8b6-488c-bcb3-824e1bcdbd26,2025-01-25 13:19:42 UTC,2025-01-25 13:25:00 UTC,-79.707212525453613,44.3399623776975,-79.706977,44.342050000000008,Walk,,Walk,,
6fa0d04b-f8b6-488c-bcb3-824e1bcdbd26,2025-01-25 13:25:00 UTC,2025-01-25 13:46:00 UTC,-79.706977,44.342050000000008,-79.691023,44.387709,Barrie Transit,8A,Transit,Roberta Place,Downtown Barrie Terminal
925b4857-0439-4c37-a34b-afb33c4aa5c5,2025-01-25 14:03:39 UTC,2025-01-25 13:43:59 UTC,-79.691608643150886,44.387574901746113,-79.691023,44.387709,Walk,,Walk,,
925b4857-0439-4c37-a34b-afb33c4aa5c5,2025-01-25 14:05:00 UTC,2025-01-25 14:16:00 UTC,-79.691023,44.387709,-79.708578,44.411874,Barrie Transit,12,Transit,Downtown Barrie Terminal,Georgian Mall
2e28c350-f200-4d72-bab0-a9a83b101c07,2025-01-25 21:15:38 UTC,2025-01-25 21:35:32 UTC,-79.680276,44.340279,-79.632729,44.351628000000005,Barrie Transit,8B,Transit,Park Place,Country Lane
2e28c350-f200-4d72-bab0-a9a83b101c07,2025-01-25 21:35:32 UTC,2025-01-25 21:37:31 UTC,-79.632781,44.351553999999993,-79.633722,44.352539,Walk,,Walk,,
2e28c350-f200-4d72-bab0-a9a83b101c07,2025-01-25 21:36:14 UTC,2025-01-25 21:15:38 UTC,-79.679575,44.339963,-79.680285046790317,44.3402816004496,Walk,,Walk,,
583c4ab7-9abe-423e-9751-9da7638aa784,2025-01-25 17:09:56 UTC,2025-01-25 17:19:00 UTC,-79.633718728180824,44.352542897710961,-79.628372,44.351872000000007,Walk,,Walk,,
583c4ab7-9abe-423e-9751-9da7638aa784,2025-01-25 17:19:00 UTC,2025-01-25 17:31:00 UTC,-79.62838600000002,44.35186199999999,-79.680276,44.340279,Barrie Transit,8A,Transit,Barrie South GO Station,Park Place
583c4ab7-9abe-423e-9751-9da7638aa784,2025-01-25 17:31:00 UTC,2025-01-25 17:33:52 UTC,-79.680282,44.34027900000001,-79.682079088498682,44.341763361198758,Walk,,Walk,,
dbd5c544-910a-4427-8e29-978654b43fa2,2025-01-25 17:09:56 UTC,2025-01-25 17:19:00 UTC,-79.633718728180824,44.352542897710961,-79.628372,44.351872000000007,Walk,,Walk,,
dbd5c544-910a-4427-8e29-978654b43fa2,2025-01-25 17:19:00 UTC,2025-01-25 17:31:00 UTC,-79.62838600000002,44.35186199999999,-79.680276,44.340279,Barrie Transit,8A,Transit,Barrie South GO Station,Park Place
dbd5c544-910a-4427-8e29-978654b43fa2,2025-01-25 17:31:00 UTC,2025-01-25 17:33:52 UTC,-79.680282,44.34027900000001,-79.682079088498682,44.341763361198758,Walk,,Walk,,
7ec7e666-fc79-4dc6-b9d1-c1c76a9c67c4,2025-01-25 11:45:06 UTC,2025-01-25 11:51:00 UTC,-79.686935047063827,44.373197915707209,-79.687491,44.374531,Walk,,Walk,,
7ec7e666-fc79-4dc6-b9d1-c1c76a9c67c4,2025-01-25 11:51:00 UTC,2025-01-25 13:32:00 UTC,-79.687858,44.374138,-79.380596,43.645194,GO Transit,BR,Transit,Allandale Waterfront,Union Station
7ec7e666-fc79-4dc6-b9d1-c1c76a9c67c4,2025-01-25 13:32:00 UTC,2025-01-25 13:35:48 UTC,-79.380596,43.645194,-79.379688,43.64585000000001,Walk,,Walk,,
7ec7e666-fc79-4dc6-b9d1-c1c76a9c67c4,2025-01-25 13:37:00 UTC,2025-01-25 13:54:00 UTC,-79.379688,43.64585000000001,-79.398393,43.706546,TTC,1,Transit,Union,Eglinton
7ec7e666-fc79-4dc6-b9d1-c1c76a9c67c4,2025-01-25 13:54:00 UTC,2025-01-25 13:57:48 UTC,-79.398510000000016,43.706612,-79.400099,43.706232,Walk,,Walk,,
7ec7e666-fc79-4dc6-b9d1-c1c76a9c67c4,2025-01-25 14:00:00 UTC,2025-01-25 14:09:00 UTC,-79.400111,43.706231,-79.367322,43.712967,TTC,56,Transit,Duplex Ave / Eglinton Ave West,Eglinton Ave East / Sutherland Dr
7ec7e666-fc79-4dc6-b9d1-c1c76a9c67c4,2025-01-25 14:09:00 UTC,2025-01-25 14:19:29 UTC,-79.367326,43.712977,-79.370109486369728,43.719222911083186,Walk,,Walk,,
94cf8de2-ed2e-4670-b125-1bbf6d2c76c2,2025-01-25 12:34:10 UTC,2025-01-25 12:26:23 UTC,-79.696331664754808,44.364219114342383,-79.697195,44.364215,Walk,,Walk,,
94cf8de2-ed2e-4670-b125-1bbf6d2c76c2,2025-01-25 12:37:17 UTC,2025-01-25 13:11:17 UTC,-79.697139000000021,44.36421,-79.654709,44.406945,Barrie Transit,8A,Transit,Essa / Fairview,Johnson / Mayor
94cf8de2-ed2e-4670-b125-1bbf6d2c76c2,2025-01-25 13:11:17 UTC,2025-01-25 13:21:31 UTC,-79.654671,44.406941999999994,-79.648042805819145,44.408230123484117,Walk,,Walk,,
a24cfea0-e53b-44c6-8665-6f3cce661ceb,2025-01-25 22:37:44 UTC,2025-01-25 22:45:04 UTC,-79.69412539287589,44.385778025607408,-79.691023,44.387709,Walk,,Walk,,
a24cfea0-e53b-44c6-8665-6f3cce661ceb,2025-01-25 22:45:04 UTC,2025-01-25 23:44:00 UTC,-79.691023,44.387709,-79.691023,44.387709,Barrie Transit,10,Transit,Downtown Barrie Terminal,Downtown Barrie Terminal
028b22a3-7cbd-4284-bad8-f9d9bca5b801,2025-01-25 17:19:21 UTC,2025-01-25 17:08:05 UTC,-79.709069506778292,44.386671367332895,-79.709347,44.386795,Walk,,Walk,,
028b22a3-7cbd-4284-bad8-f9d9bca5b801,2025-01-25 17:20:00 UTC,2025-01-25 17:40:00 UTC,-79.709495,44.386819,-79.708173,44.409714999999991,Barrie Transit,10,Transit,Edgehill Drive,Livingstone / Bayfield
028b22a3-7cbd-4284-bad8-f9d9bca5b801,2025-01-25 17:40:00 UTC,2025-01-25 17:48:50 UTC,-79.708175,44.409714000000008,-79.706042389179672,44.405540234411731,Walk,,Walk,,
16036df7-8b6d-480d-88f5-b13a8b707248,2025-01-25 17:19:21 UTC,2025-01-25 17:08:05 UTC,-79.709069506778292,44.386671367332895,-79.709347,44.386795,Walk,,Walk,,
16036df7-8b6d-480d-88f5-b13a8b707248,2025-01-25 17:20:00 UTC,2025-01-25 17:40:00 UTC,-79.709495,44.386819,-79.708173,44.409714999999991,Barrie Transit,10,Transit,Edgehill Drive,Livingstone / Bayfield
16036df7-8b6d-480d-88f5-b13a8b707248,2025-01-25 17:40:00 UTC,2025-01-25 17:48:50 UTC,-79.708175,44.409714000000008,-79.706042389179672,44.405540234411731,Walk,,Walk,,
22675f6f-37fc-49e3-9723-fed7c0c53472,2025-01-25 17:19:51 UTC,2025-01-25 17:14:16 UTC,-79.709069506778292,44.386671367332895,-79.709347,44.386795,Walk,,Walk,,
22675f6f-37fc-49e3-9723-fed7c0c53472,2025-01-25 17:20:30 UTC,2025-01-25 17:40:30 UTC,-79.709495,44.386819,-79.708173,44.409714999999991,Barrie Transit,10,Transit,Edgehill Drive,Livingstone / Bayfield
22675f6f-37fc-49e3-9723-fed7c0c53472,2025-01-25 17:40:30 UTC,2025-01-25 17:49:20 UTC,-79.708175,44.409714000000008,-79.706042389179672,44.405540234411731,Walk,,Walk,,
34c6f10e-2db8-43bb-a0c5-6f172ade7729,2025-01-25 17:15:20 UTC,2025-01-25 17:03:21 UTC,-79.710321781997962,44.388469004149769,-79.709347,44.386795,Walk,,Walk,,
34c6f10e-2db8-43bb-a0c5-6f172ade7729,2025-01-25 17:20:00 UTC,2025-01-25 17:40:00 UTC,-79.709495,44.386819,-79.708173,44.409714999999991,Barrie Transit,10,Transit,Edgehill Drive,Livingstone / Bayfield
34c6f10e-2db8-43bb-a0c5-6f172ade7729,2025-01-25 17:40:00 UTC,2025-01-25 17:48:50 UTC,-79.708175,44.409714000000008,-79.706042389179672,44.405540234411731,Walk,,Walk,,
569fd613-c9f2-4341-a53e-3e6af247471e,2025-01-25 18:25:09 UTC,2025-01-25 18:30:00 UTC,-79.7070048904591,44.409130623103721,-79.708708,44.40672,Walk,,Walk,,
569fd613-c9f2-4341-a53e-3e6af247471e,2025-01-25 18:30:00 UTC,2025-01-25 18:37:00 UTC,-79.70874,44.406684,-79.71222,44.390533,Barrie Transit,8A,Transit,Heather Street,Shirley Avenue
569fd613-c9f2-4341-a53e-3e6af247471e,2025-01-25 18:37:00 UTC,2025-01-25 18:40:49 UTC,-79.712145,44.390565000000009,-79.710321781997962,44.388469004149769,Walk,,Walk,,
9b233759-ade1-4861-b489-e50a693ba303,2025-01-25 18:26:07 UTC,2025-01-25 18:30:00 UTC,-79.7058945994754,44.406440648016968,-79.706834,44.404925999999996,Walk,,Walk,,
9b233759-ade1-4861-b489-e50a693ba303,2025-01-25 18:30:00 UTC,2025-01-25 18:37:00 UTC,-79.706896,44.404895,-79.71222,44.390533,Barrie Transit,8A,Transit,Kozlov / Cundles,Shirley Avenue
9b233759-ade1-4861-b489-e50a693ba303,2025-01-25 18:37:00 UTC,2025-01-25 18:40:49 UTC,-79.712145,44.390565000000009,-79.710321781997962,44.388469004149769,Walk,,Walk,,
f9cd8b79-ee6d-4aa3-a5ad-d55403d2de5f,2025-01-25 17:19:10 UTC,2025-01-25 17:13:37 UTC,-79.709069506778292,44.386671367332895,-79.709495,44.386819,Walk,,Walk,,
f9cd8b79-ee6d-4aa3-a5ad-d55403d2de5f,2025-01-25 17:19:49 UTC,2025-01-25 18:07:49 UTC,-79.709495,44.386819,-79.691023,44.387709,Barrie Transit,10,Transit,Edgehill Drive,Downtown Barrie Terminal
2214bb77-595c-40b1-bd77-2b60518caaad,2025-01-25 18:28:04 UTC,2025-01-25 18:32:57 UTC,-79.736897239613782,44.348042813721626,-79.734057,44.347913999999996,Walk,,Walk,,
2214bb77-595c-40b1-bd77-2b60518caaad,2025-01-25 18:32:57 UTC,2025-01-25 18:52:57 UTC,-79.734056,44.347913999999996,-79.680276,44.340279,Barrie Transit,7,Transit,Batteaux Street,Park Place
2214bb77-595c-40b1-bd77-2b60518caaad,2025-01-25 18:52:57 UTC,2025-01-25 18:52:57 UTC,-79.680276,44.340279,-79.680977280473257,44.339066448454091,Walk,,Walk,,
c687f3d2-611b-4253-980c-a25d5ead1915,2025-01-25 20:18:36 UTC,2025-01-25 20:15:44 UTC,-79.6847576109161,44.335471382244272,-79.688685,44.334568,Walk,,Walk,,
c687f3d2-611b-4253-980c-a25d5ead1915,2025-01-25 20:21:08 UTC,2025-01-25 20:37:42 UTC,-79.688685,44.334568,-79.691023,44.387709,Barrie Transit,2,Transit,Barrie View Drive,Downtown Barrie Terminal
5822f331-946a-424b-82d9-b16de5b98f4f,2025-01-25 20:19:26 UTC,2025-01-25 20:23:23 UTC,-79.737028953786535,44.348946008171964,-79.734128,44.34902,Walk,,Walk,,
5822f331-946a-424b-82d9-b16de5b98f4f,2025-01-25 20:23:23 UTC,2025-01-25 20:42:23 UTC,-79.734128,44.34902,-79.691023,44.387709,Barrie Transit,7,Transit,Saint Joan of Arc High School,Downtown Barrie Terminal
877d8f0f-ff4b-4047-bf6e-f8254d1507d6,2025-01-25 20:49:34 UTC,2025-01-25 20:52:00 UTC,-79.73578016878362,44.348942995605015,-79.734128,44.34902,Walk,,Walk,,
877d8f0f-ff4b-4047-bf6e-f8254d1507d6,2025-01-25 20:52:00 UTC,2025-01-25 21:11:00 UTC,-79.734128,44.34902,-79.691023,44.387709,Barrie Transit,7,Transit,Saint Joan of Arc High School,Downtown Barrie Terminal
667d55d5-23e2-4040-a3e8-975f13b1af46,2025-01-26 02:56:50 UTC,2025-01-26 02:51:11 UTC,-79.678343136741958,44.336371022821154,-79.678667,44.336645,Walk,,Walk,,
667d55d5-23e2-4040-a3e8-975f13b1af46,2025-01-26 02:57:16 UTC,2025-01-26 03:16:16 UTC,-79.678667,44.336645,-79.691023,44.387709,Barrie Transit,12,Transit,Bayview / Mapleview,Downtown Barrie Terminal
66bd960f-fa98-47ac-a47a-004202263744,2025-01-25 22:46:47 UTC,2025-01-25 22:50:00 UTC,-79.708392046808967,44.410029230169883,-79.708578,44.411874,Walk,,Walk,,
66bd960f-fa98-47ac-a47a-004202263744,2025-01-25 22:50:00 UTC,2025-01-25 23:27:00 UTC,-79.708578,44.411874,-79.680276,44.340279,Barrie Transit,12,Transit,Georgian Mall,Park Place
e3cdd771-aa3f-4b6f-ab86-ccf3318ecfbe,2025-01-25 21:26:29 UTC,2025-01-25 21:22:52 UTC,-79.656068776899247,44.398352020021065,-79.656354,44.39797,Walk,,Walk,,
e3cdd771-aa3f-4b6f-ab86-ccf3318ecfbe,2025-01-25 21:27:25 UTC,2025-01-25 21:51:25 UTC,-79.656354,44.39797,-79.706492,44.410659,Barrie Transit,101,Transit,Johnson / Napier,Georgian Mall
7f54cdfe-bc55-4e0c-b930-df209fa47a27,2025-01-26 03:14:56 UTC,2025-01-26 03:19:46 UTC,-79.683273321164108,44.404640804471526,-79.684831,44.407378,Walk,,Walk,,
7f54cdfe-bc55-4e0c-b930-df209fa47a27,2025-01-26 03:19:46 UTC,2025-01-26 03:26:46 UTC,-79.684854,44.407404,-79.706492,44.410659,Barrie Transit,8A,Transit,Bell Farm / St Vincent,Georgian Mall
7f54cdfe-bc55-4e0c-b930-df209fa47a27,2025-01-26 03:26:46 UTC,2025-01-26 03:30:12 UTC,-79.706487,44.410655,-79.708392046808967,44.410029230169883,Walk,,Walk,,
cf0e1ac4-2a4e-44dd-ac4d-3eded504d4e2,2025-01-25 20:55:47 UTC,2025-01-25 21:03:35 UTC,-75.608459688548223,45.426023316290163,-75.603446,45.426173999999996,Walk,,Walk,,
cf0e1ac4-2a4e-44dd-ac4d-3eded504d4e2,2025-01-25 21:03:35 UTC,2025-01-25 21:07:35 UTC,-75.60345,45.426171999999994,-75.603693000000021,45.416999,OC Transpo,26,Transit,Appleton / Meadowbrook,Cyrville / Maxime
cf0e1ac4-2a4e-44dd-ac4d-3eded504d4e2,2025-01-25 21:07:35 UTC,2025-01-25 21:13:35 UTC,-75.603691,45.416985,-75.604384343393264,45.414349557329636,Walk,,Walk,,
44103f91-d898-440a-9786-d844ebdd1784,2025-01-25 16:30:06 UTC,2025-01-25 16:51:00 UTC,-79.738602990809724,44.339963518965632,-79.733705,44.347725,Walk,,Walk,,
44103f91-d898-440a-9786-d844ebdd1784,2025-01-25 16:51:00 UTC,2025-01-25 17:11:00 UTC,-79.733705,44.347725,-79.691023,44.387709,Barrie Transit,7,Transit,Silvercreek Crescent,Downtown Barrie Terminal
44103f91-d898-440a-9786-d844ebdd1784,2025-01-25 17:11:00 UTC,2025-01-25 17:11:00 UTC,-79.691023,44.387709,-79.691608643150886,44.387574901746113,Walk,,Walk,,
4a40fa89-e550-42f1-899f-8ed92e8d9814,2025-01-25 20:41:58 UTC,2025-01-25 20:15:17 UTC,-79.691608643150886,44.387574901746113,-79.690638,44.387881,Walk,,Walk,,
4a40fa89-e550-42f1-899f-8ed92e8d9814,2025-01-25 20:46:00 UTC,2025-01-25 21:09:00 UTC,-79.691023,44.387709,-79.710035,44.339541000000004,Barrie Transit,7,Transit,Downtown Barrie Terminal,Mapleton / Essa
4a40fa89-e550-42f1-899f-8ed92e8d9814,2025-01-25 21:09:00 UTC,2025-01-25 21:12:55 UTC,-79.710056,44.339504,-79.709862491555242,44.339060723267934,Walk,,Walk,,
6e61fb2b-1da5-4dfd-a939-1c64af008b98,2025-01-25 21:11:57 UTC,2025-01-25 21:16:00 UTC,-79.709862491555242,44.339060723267934,-79.709958,44.339698,Walk,,Walk,,
6e61fb2b-1da5-4dfd-a939-1c64af008b98,2025-01-25 21:16:00 UTC,2025-01-25 21:21:00 UTC,-79.709981,44.339658000000007,-79.733705,44.347725,Barrie Transit,7,Transit,Mapleton / Essa,Silvercreek Crescent
6e61fb2b-1da5-4dfd-a939-1c64af008b98,2025-01-25 21:21:00 UTC,2025-01-25 21:41:54 UTC,-79.733705,44.347725,-79.738602990809724,44.339963518965632,Walk,,Walk,,
b4e94d74-1ef7-40c1-ad33-4098fd34d932,2025-01-25 20:23:42 UTC,2025-01-25 20:38:42 UTC,-79.704153,44.371611,-79.710035,44.339541000000004,Barrie Transit,7,Transit,236 Tiffin Street,Mapleton / Essa
b4e94d74-1ef7-40c1-ad33-4098fd34d932,2025-01-25 20:38:42 UTC,2025-01-25 20:42:37 UTC,-79.710056,44.339504,-79.709863,44.339064,Walk,,Walk,,
b4e94d74-1ef7-40c1-ad33-4098fd34d932,2025-01-25 20:52:07 UTC,2025-01-25 20:23:46 UTC,-79.702158,44.372302,-79.704165457816032,44.371641340988,Walk,,Walk,,
320377fd-96a5-4c02-9642-a520b0cb8b0d,2025-01-25 17:12:19 UTC,2025-01-25 17:18:02 UTC,-79.617352497079665,44.357927306495014,-79.612694,44.358745,Walk,,Walk,,
320377fd-96a5-4c02-9642-a520b0cb8b0d,2025-01-25 17:18:02 UTC,2025-01-25 17:23:02 UTC,-79.612629,44.35876,-79.62838600000002,44.35186199999999,Barrie Transit,12,Transit,Prince William Way / Sandringham,Barrie South GO Station
320377fd-96a5-4c02-9642-a520b0cb8b0d,2025-01-25 17:23:02 UTC,2025-01-25 17:24:02 UTC,-79.62838600000002,44.35186199999999,-79.62838600000002,44.35186199999999,Walk,,Walk,,
320377fd-96a5-4c02-9642-a520b0cb8b0d,2025-01-25 17:27:00 UTC,2025-01-25 17:47:00 UTC,-79.62838600000002,44.35186199999999,-79.691023,44.387709,Barrie Transit,8B,Transit,Barrie South GO Station,Downtown Barrie Terminal
320377fd-96a5-4c02-9642-a520b0cb8b0d,2025-01-25 17:47:00 UTC,2025-01-25 17:48:00 UTC,-79.691023,44.387709,-79.691023,44.387709,Walk,,Walk,,
320377fd-96a5-4c02-9642-a520b0cb8b0d,2025-01-25 17:52:00 UTC,2025-01-25 18:14:00 UTC,-79.691023,44.387709,-79.669134,44.412089000000009,Barrie Transit,101,Transit,Downtown Barrie Terminal,Georgian College
320377fd-96a5-4c02-9642-a520b0cb8b0d,2025-01-25 18:14:00 UTC,2025-01-25 18:14:07 UTC,-79.669134,44.412091,-79.6691226987025,44.411825617969107,Walk,,Walk,,
9cb06486-e3e5-4fd3-aa97-942cd7f79c7d,2025-01-25 23:28:18 UTC,2025-01-25 23:14:31 UTC,-79.627585604697458,44.351641183424952,-79.628372,44.351872000000007,Walk,,Walk,,
9cb06486-e3e5-4fd3-aa97-942cd7f79c7d,2025-01-25 23:29:00 UTC,2025-01-25 23:35:00 UTC,-79.62838600000002,44.35186199999999,-79.61289,44.35983,Barrie Transit,12,Transit,Barrie South GO Station,Prince William Way / Empire
9cb06486-e3e5-4fd3-aa97-942cd7f79c7d,2025-01-25 23:35:00 UTC,2025-01-25 23:42:53 UTC,-79.612854,44.359838,-79.617352497079665,44.357927306495014,Walk,,Walk,,
3c4d8991-1d02-4fef-a317-96f507196463,2025-01-25 16:00:04 UTC,2025-01-25 16:05:00 UTC,-79.685680192602732,44.3732028482685,-79.687951,44.373733,Walk,,Walk,,
3c4d8991-1d02-4fef-a317-96f507196463,2025-01-25 16:05:00 UTC,2025-01-25 16:48:00 UTC,-79.687858,44.374138,-79.459286,44.060428,GO Transit,BR,Transit,Allandale Waterfront,Newmarket
3c4d8991-1d02-4fef-a317-96f507196463,2025-01-25 16:48:00 UTC,2025-01-25 16:49:52 UTC,-79.459302,44.060423,-79.458865667206283,44.059687094455377,Walk,,Walk,,
8ea8ccee-8afd-4b86-bb3c-677322d10d56,2025-01-25 19:00:08 UTC,2025-01-25 19:05:00 UTC,-79.685680192602732,44.3732028482685,-79.687858,44.374138,Walk,,Walk,,
8ea8ccee-8afd-4b86-bb3c-677322d10d56,2025-01-25 19:05:00 UTC,2025-01-25 20:46:00 UTC,-79.687858,44.374138,-79.380596,43.645194,GO Transit,BR,Transit,Allandale Waterfront,Union Station
10e3c280-867b-42c3-8a7b-5b8a949610df,2025-01-25 20:32:12 UTC,2025-01-25 20:34:00 UTC,-79.680977280473257,44.339066448454091,-79.680276,44.340279,Walk,,Walk,,
10e3c280-867b-42c3-8a7b-5b8a949610df,2025-01-25 20:34:00 UTC,2025-01-25 20:53:00 UTC,-79.680276,44.340279,-79.714217,44.340414,Barrie Transit,8A,Transit,Park Place,Emms Drive
10e3c280-867b-42c3-8a7b-5b8a949610df,2025-01-25 20:53:00 UTC,2025-01-25 20:55:54 UTC,-79.714199,44.340387,-79.71347660442035,44.341762887816131,Walk,,Walk,,
515469a3-9f89-4900-8459-318f524c5542,2025-01-25 14:51:33 UTC,2025-01-25 14:46:37 UTC,-79.6691226987025,44.411825617969107,-79.669134,44.412091,Walk,,Walk,,
515469a3-9f89-4900-8459-318f524c5542,2025-01-25 14:52:00 UTC,2025-01-25 15:14:00 UTC,-79.669134,44.412089000000009,-79.680276,44.340279,Barrie Transit,400,Transit,Georgian College,Park Place
515469a3-9f89-4900-8459-318f524c5542,2025-01-25 15:14:00 UTC,2025-01-25 15:15:00 UTC,-79.680276,44.340279,-79.680276,44.340279,Walk,,Walk,,
515469a3-9f89-4900-8459-318f524c5542,2025-01-25 15:24:00 UTC,2025-01-25 15:26:00 UTC,-79.680276,44.340279,-79.67783,44.332886,Barrie Transit,12,Transit,Park Place,Saunders Road
515469a3-9f89-4900-8459-318f524c5542,2025-01-25 15:26:00 UTC,2025-01-25 15:29:58 UTC,-79.677765,44.332895,-79.678507673672911,44.3318750193798,Walk,,Walk,,
29dd8c0b-7f10-4e7e-8ff5-61216afbe55a,2025-01-25 18:48:45 UTC,2025-01-25 18:51:29 UTC,-79.656380193825754,44.416316747304613,-79.658612,44.416415,Walk,,Walk,,
29dd8c0b-7f10-4e7e-8ff5-61216afbe55a,2025-01-25 18:51:29 UTC,2025-01-25 19:37:00 UTC,-79.658612,44.416415,-79.669134,44.412089000000009,Barrie Transit,100,Transit,322 Georgian Drive,Georgian College
7ee23440-a896-485e-a9b3-136c6527f76d,2025-01-25 18:55:28 UTC,2025-01-25 18:54:23 UTC,-79.656380193825754,44.416316747304613,-79.658612,44.416412,Walk,,Walk,,
7ee23440-a896-485e-a9b3-136c6527f76d,2025-01-25 18:59:00 UTC,2025-01-25 19:09:00 UTC,-79.658612,44.416415,-79.656795,44.396351,Barrie Transit,8B,Transit,322 Georgian Drive,Johnson / Indian Arrow Road
7ee23440-a896-485e-a9b3-136c6527f76d,2025-01-25 19:09:00 UTC,2025-01-25 19:11:15 UTC,-79.656736,44.396346000000008,-79.657201796470645,44.395656599412696,Walk,,Walk,,
94d97d1f-6764-4b2e-9e2c-206bf682baab,2025-01-25 18:49:57 UTC,2025-01-25 18:53:29 UTC,-79.656380193825754,44.416316747304613,-79.658612,44.416412,Walk,,Walk,,
94d97d1f-6764-4b2e-9e2c-206bf682baab,2025-01-25 18:53:29 UTC,2025-01-25 19:00:29 UTC,-79.658612,44.416415,-79.656561,44.397826000000009,Barrie Transit,100,Transit,322 Georgian Drive,Johnson / Blake
94d97d1f-6764-4b2e-9e2c-206bf682baab,2025-01-25 19:00:29 UTC,2025-01-25 19:04:15 UTC,-79.656629,44.397832,-79.657201796470645,44.395656599412696,Walk,,Walk,,
9b9ae613-a9fb-4367-91db-f7e40188cb90,2025-01-25 18:56:28 UTC,2025-01-25 18:59:00 UTC,-79.6576308896999,44.416320604568789,-79.658612,44.416415,Walk,,Walk,,
9b9ae613-a9fb-4367-91db-f7e40188cb90,2025-01-25 18:59:00 UTC,2025-01-25 21:23:00 UTC,-79.658612,44.416415,-79.669134,44.412089000000009,Barrie Transit,8B,Transit,322 Georgian Drive,Georgian College
db79715a-61af-4290-81e8-f58301c09930,2025-01-25 19:41:36 UTC,2025-01-25 19:45:00 UTC,-79.65733206255463,44.396560336205141,-79.65637,44.397972,Walk,,Walk,,
db79715a-61af-4290-81e8-f58301c09930,2025-01-25 19:45:00 UTC,2025-01-25 19:51:00 UTC,-79.656354,44.39797,-79.656579,44.41637,Barrie Transit,101,Transit,Johnson / Napier,314 Georgian Drive
db79715a-61af-4290-81e8-f58301c09930,2025-01-25 19:51:00 UTC,2025-01-25 19:51:47 UTC,-79.656572,44.416408,-79.656380193825754,44.416316747304613,Walk,,Walk,,
08f52b90-1467-4a71-8343-ad0ecba22e5b,2025-01-25 23:04:04 UTC,2025-01-25 23:07:00 UTC,-79.69838113503188,44.374103269192354,-79.697588,44.37296,Walk,,Walk,,
08f52b90-1467-4a71-8343-ad0ecba22e5b,2025-01-25 23:07:00 UTC,2025-01-25 23:29:00 UTC,-79.697588,44.37296,-79.679818,44.404859,Barrie Transit,7,Transit,Tiffin / Anne,229 Grove
fdad1071-d92a-435b-9a14-95782bbbf361,2025-01-25 11:59:47 UTC,2025-01-25 12:03:00 UTC,-79.680753816119577,44.404643117013165,-79.679296,44.405183000000008,Walk,,Walk,,
fdad1071-d92a-435b-9a14-95782bbbf361,2025-01-25 12:03:00 UTC,2025-01-25 12:22:00 UTC,-79.679296,44.405183000000008,-79.697966,44.373068000000011,Barrie Transit,7,Transit,Maple Grove Public School,Tiffin / Anne
868c451e-a010-4bf9-a6ee-b61c830a61b2,2025-01-26 03:31:18 UTC,2025-01-26 03:38:17 UTC,-79.669134,44.412089000000009,-79.654592,44.408303,Barrie Transit,100,Transit,Georgian College,Hickling Trail
868c451e-a010-4bf9-a6ee-b61c830a61b2,2025-01-26 03:37:06 UTC,2025-01-26 03:31:18 UTC,-79.669121,44.411828,-79.669134,44.412089000000009,Walk,,Walk,,
868c451e-a010-4bf9-a6ee-b61c830a61b2,2025-01-26 03:38:17 UTC,2025-01-26 03:47:40 UTC,-79.654643,44.408307,-79.64789384754728,44.409130500846715,Walk,,Walk,,
aecf21a9-e329-4bf4-b9bb-73cad1561268,2025-01-25 20:55:49 UTC,2025-01-25 21:06:05 UTC,-79.64789384754728,44.409130500846715,-79.653737,44.411687999999991,Walk,,Walk,,
aecf21a9-e329-4bf4-b9bb-73cad1561268,2025-01-25 21:06:05 UTC,2025-01-25 21:28:05 UTC,-79.653791,44.411694,-79.706456000000017,44.407827000000005,Barrie Transit,101,Transit,Cheltenham Road,Heather Street
aecf21a9-e329-4bf4-b9bb-73cad1561268,2025-01-25 21:28:05 UTC,2025-01-25 21:32:19 UTC,-79.706479,44.40781599999999,-79.7058945994754,44.406440648016968,Walk,,Walk,,
de3c045f-d70f-40c6-9427-28ae6a30c6ab,2025-01-26 03:35:14 UTC,2025-01-26 03:31:31 UTC,-79.6691226987025,44.411825617969107,-79.669134,44.412089000000009,Walk,,Walk,,
de3c045f-d70f-40c6-9427-28ae6a30c6ab,2025-01-26 03:37:06 UTC,2025-01-26 03:55:06 UTC,-79.669134,44.412089000000009,-79.691023,44.387709,Barrie Transit,100,Transit,Georgian College,Downtown Barrie Terminal
641870eb-c1d6-4b4c-bd6a-d3205acffb0e,2025-01-25 15:55:43 UTC,2025-01-25 15:59:18 UTC,-79.72521771235877,44.398353499609925,-79.723517,44.396173,Walk,,Walk,,
641870eb-c1d6-4b4c-bd6a-d3205acffb0e,2025-01-25 15:59:18 UTC,2025-01-25 16:11:18 UTC,-79.723507,44.396162,-79.705107,44.411091,Barrie Transit,10,Transit,Cundles Road,Georgian Mall
641870eb-c1d6-4b4c-bd6a-d3205acffb0e,2025-01-25 16:11:18 UTC,2025-01-25 16:18:45 UTC,-79.705101,44.411085,-79.7080988705769,44.413624951655216,Walk,,Walk,,
d9f61b9f-0e69-4898-963d-a1cb52e7033e,2025-01-25 16:54:37 UTC,2025-01-25 16:57:00 UTC,-79.708109944146571,44.411829146189469,-79.706487,44.410655,Walk,,Walk,,
d9f61b9f-0e69-4898-963d-a1cb52e7033e,2025-01-25 16:57:00 UTC,2025-01-25 17:08:00 UTC,-79.706492,44.410659,-79.72366,44.396082,Barrie Transit,11,Transit,Georgian Mall,Leacock Drive
d9f61b9f-0e69-4898-963d-a1cb52e7033e,2025-01-25 17:08:00 UTC,2025-01-25 17:11:38 UTC,-79.723567,44.396122000000005,-79.72521771235877,44.398353499609925,Walk,,Walk,,
358a38da-c74a-4252-86ff-cd58bf3f6625,2025-01-25 17:02:02 UTC,2025-01-25 17:02:35 UTC,-79.682324881590745,44.399254764773758,-79.678158,44.398749999999993,Walk,,Walk,,
358a38da-c74a-4252-86ff-cd58bf3f6625,2025-01-25 17:08:21 UTC,2025-01-25 17:26:21 UTC,-79.678172,44.398761000000007,-79.706492,44.410659,Barrie Transit,11,Transit,Penetang / St. Vincent,Georgian Mall
358a38da-c74a-4252-86ff-cd58bf3f6625,2025-01-25 17:26:21 UTC,2025-01-25 17:26:21 UTC,-79.706492,44.410659,-79.708109944146571,44.411829146189469,Walk,,Walk,,
fe64e8ad-7f89-49da-8c48-0fe6b886a6ce,2025-01-25 19:38:38 UTC,2025-01-25 19:45:00 UTC,-79.708233221408278,44.412725476179112,-79.705101,44.411085,Walk,,Walk,,
fe64e8ad-7f89-49da-8c48-0fe6b886a6ce,2025-01-25 19:45:00 UTC,2025-01-25 20:04:00 UTC,-79.705107,44.411091,-79.678352,44.39886,Barrie Transit,10,Transit,Georgian Mall,Penetang / St Vincent
fe64e8ad-7f89-49da-8c48-0fe6b886a6ce,2025-01-25 20:04:00 UTC,2025-01-25 20:10:16 UTC,-79.678327,44.398839999999993,-79.682324881590745,44.399254764773758,Walk,,Walk,,
0b32e735-1c8d-4530-8ee8-ed6a8d5f4700,2025-01-25 13:29:00 UTC,2025-01-25 13:01:32 UTC,-79.691608643150886,44.387574901746113,-79.691023,44.387709,Walk,,Walk,,
0b32e735-1c8d-4530-8ee8-ed6a8d5f4700,2025-01-25 13:29:00 UTC,2025-01-25 13:37:00 UTC,-79.691023,44.387709,-79.701779,44.402916,Barrie Transit,100,Transit,Downtown Barrie Terminal,Ferris Lane
0b32e735-1c8d-4530-8ee8-ed6a8d5f4700,2025-01-25 13:37:00 UTC,2025-01-25 13:40:17 UTC,-79.70177,44.402920000000009,-79.701031416135208,44.401946026942113,Walk,,Walk,,
62a20141-e972-4962-ba48-f664e76e6654,2025-01-25 13:29:00 UTC,2025-01-25 13:00:57 UTC,-79.691608643150886,44.387574901746113,-79.691023,44.387709,Walk,,Walk,,
62a20141-e972-4962-ba48-f664e76e6654,2025-01-25 13:29:00 UTC,2025-01-25 13:37:00 UTC,-79.691023,44.387709,-79.701779,44.402916,Barrie Transit,100,Transit,Downtown Barrie Terminal,Ferris Lane
62a20141-e972-4962-ba48-f664e76e6654,2025-01-25 13:37:00 UTC,2025-01-25 13:40:30 UTC,-79.70177,44.402920000000009,-79.703537326168657,44.401944275610219,Walk,,Walk,,
b598ae19-6d99-4cae-a8d5-7a9942c715dd,2025-01-25 13:29:00 UTC,2025-01-25 13:01:32 UTC,-79.691608643150886,44.387574901746113,-79.691023,44.387709,Walk,,Walk,,
b598ae19-6d99-4cae-a8d5-7a9942c715dd,2025-01-25 13:29:00 UTC,2025-01-25 13:37:00 UTC,-79.691023,44.387709,-79.701779,44.402916,Barrie Transit,100,Transit,Downtown Barrie Terminal,Ferris Lane
b598ae19-6d99-4cae-a8d5-7a9942c715dd,2025-01-25 13:37:00 UTC,2025-01-25 13:40:17 UTC,-79.70177,44.402920000000009,-79.701031416135208,44.401946026942113,Walk,,Walk,,
f89492e4-0378-4c7c-9ed4-ac917352a9c1,2025-01-25 13:29:00 UTC,2025-01-25 13:00:57 UTC,-79.691608643150886,44.387574901746113,-79.691023,44.387709,Walk,,Walk,,
f89492e4-0378-4c7c-9ed4-ac917352a9c1,2025-01-25 13:29:00 UTC,2025-01-25 13:37:00 UTC,-79.691023,44.387709,-79.701779,44.402916,Barrie Transit,100,Transit,Downtown Barrie Terminal,Ferris Lane
f89492e4-0378-4c7c-9ed4-ac917352a9c1,2025-01-25 13:37:00 UTC,2025-01-25 13:40:30 UTC,-79.70177,44.402920000000009,-79.703537326168657,44.401944275610219,Walk,,Walk,,
7c38a945-6a7e-42c8-8911-db3b0cc4681f,2025-01-26 02:00:27 UTC,2025-01-26 02:07:47 UTC,-79.690205,44.390299,-79.668216,44.406577,Barrie Transit,11,Transit,Clapperton Street,Grove / Cook
7c38a945-6a7e-42c8-8911-db3b0cc4681f,2025-01-26 02:07:47 UTC,2025-01-26 02:14:25 UTC,-79.668215,44.406584,-79.671935,44.408235,Walk,,Walk,,
7c38a945-6a7e-42c8-8911-db3b0cc4681f,2025-01-26 02:25:50 UTC,2025-01-26 01:54:04 UTC,-79.691605,44.387573,-79.690164049195729,44.390301975214435,Walk,,Walk,,
a3790ef3-1b2c-4672-92dc-93fd4dd8ffce,2025-01-25 16:04:15 UTC,2025-01-25 16:12:42 UTC,-79.718785,44.376629,-79.691023,44.387709,Barrie Transit,2,Transit,Dunlop / Ferndale,Downtown Barrie Terminal
a3790ef3-1b2c-4672-92dc-93fd4dd8ffce,2025-01-25 16:33:14 UTC,2025-01-25 16:04:42 UTC,-79.718334,44.376794,-79.718788826551844,44.37663061730121,Walk,,Walk,,
